date,open,high,low,close,source
2018-01-02,42740.5,43777.90234375,42740.5,43777.90234375,compass_local_day_vdat
2018-01-03,43842.1015625,45263.1015625,43827.5,45263.1015625,compass_local_day_vdat
2018-01-04,45230.1015625,46140.90234375,45227.0,46140.90234375,compass_local_day_vdat
2018-01-05,46160.90234375,46718.30078125,46160.90234375,46649.80078125,compass_local_day_vdat
2018-01-08,46704.80078125,47959.80078125,46704.80078125,47959.80078125,compass_local_day_vdat
2018-01-09,47904.5,48450.69921875,47887.90234375,48347.0,compass_local_day_vdat
2018-01-10,48319.0,48896.69921875,48300.5,48741.5,compass_local_day_vdat
2018-01-11,48565.30078125,49091.90234375,48543.90234375,48945.5,compass_local_day_vdat
2018-01-12,48882.69921875,49390.19921875,48638.19921875,48771.0,compass_local_day_vdat
2018-01-15,48705.19921875,49406.30078125,48589.40234375,48970.80078125,compass_local_day_vdat
2018-01-16,48849.40234375,50030.19921875,48849.40234375,50030.19921875,compass_local_day_vdat
2018-01-17,49981.80078125,51144.0,49981.80078125,50891.5,compass_local_day_vdat
2018-01-18,50904.40234375,51590.6015625,50904.40234375,51134.90234375,compass_local_day_vdat
2018-01-19,51234.0,52078.6015625,51221.5,51586.30078125,compass_local_day_vdat
2018-01-22,51533.80078125,52560.30078125,51533.80078125,52451.0,compass_local_day_vdat
2018-01-23,52588.90234375,53210.0,52588.90234375,53123.80078125,compass_local_day_vdat
2018-01-24,53171.1015625,54315.6015625,53171.1015625,54315.6015625,compass_local_day_vdat
2018-01-25,54194.5,55074.19921875,54181.80078125,54600.30078125,compass_local_day_vdat
2018-01-26,54403.1015625,54902.1015625,54309.1015625,54502.6015625,compass_local_day_vdat
2018-01-29,54709.30078125,55248.0,54052.1015625,54304.80078125,compass_local_day_vdat
2018-01-30,54188.0,54531.30078125,53183.1015625,53309.30078125,compass_local_day_vdat
2018-01-31,52927.1015625,53371.6015625,52401.80078125,52660.90234375,compass_local_day_vdat
2018-02-01,52648.30078125,52943.30078125,51728.1015625,52038.6015625,compass_local_day_vdat
2018-02-02,51505.0,52520.6015625,51069.30078125,52116.40234375,compass_local_day_vdat
2018-02-05,51587.90234375,52373.40234375,51263.1015625,51931.90234375,compass_local_day_vdat
2018-02-06,50782.1015625,51655.30078125,50446.90234375,50571.40234375,compass_local_day_vdat
2018-02-07,51694.30078125,51905.90234375,50330.5,50578.40234375,compass_local_day_vdat
2018-02-08,50300.5,51323.40234375,49893.19921875,50269.5,compass_local_day_vdat
2018-02-09,48854.40234375,49483.5,47829.1015625,48665.90234375,compass_local_day_vdat
2018-02-12,49002.5,49599.80078125,48837.40234375,48903.90234375,compass_local_day_vdat
2018-02-13,49334.30078125,49988.40234375,48354.6015625,48392.6015625,compass_local_day_vdat
2018-02-14,48490.80078125,48566.1015625,47002.40234375,47033.19921875,compass_local_day_vdat
2018-02-22,47751.40234375,48255.6015625,47257.69921875,47349.1015625,compass_local_day_vdat
2018-02-23,47370.90234375,47812.30078125,46701.5,46801.69921875,compass_local_day_vdat
2018-02-26,47294.19921875,47992.69921875,47253.90234375,47989.0,compass_local_day_vdat
2018-02-27,47763.69921875,48236.6015625,47509.80078125,47618.90234375,compass_local_day_vdat
2018-02-28,47054.0,47928.0,47019.19921875,47397.6015625,compass_local_day_vdat
2018-03-01,46993.40234375,47834.5,46993.40234375,47785.80078125,compass_local_day_vdat
2018-03-02,47389.80078125,48177.0,47110.6015625,47144.1015625,compass_local_day_vdat
2018-03-05,47368.1015625,47598.69921875,46614.90234375,46855.80078125,compass_local_day_vdat
2018-03-06,47027.6015625,47908.6015625,47022.5,47908.6015625,compass_local_day_vdat
2018-03-07,47797.30078125,48346.30078125,47170.40234375,47283.6015625,compass_local_day_vdat
2018-03-08,47278.80078125,47602.1015625,46933.80078125,47197.6015625,compass_local_day_vdat
2018-03-09,47269.30078125,48202.1015625,47269.30078125,48202.1015625,compass_local_day_vdat
2018-03-12,48665.6015625,49972.80078125,48665.6015625,49972.80078125,compass_local_day_vdat
2018-03-13,49838.69921875,50398.80078125,49625.1015625,49734.0,compass_local_day_vdat
2018-03-14,49526.30078125,50003.6015625,48984.40234375,49055.6015625,compass_local_day_vdat
2018-03-15,48952.80078125,49340.6015625,48239.69921875,48661.0,compass_local_day_vdat
2018-03-16,48693.5,49029.80078125,47713.30078125,47741.1015625,compass_local_day_vdat
2018-03-19,47674.30078125,48175.5,47212.30078125,47355.0,compass_local_day_vdat
2018-03-20,46897.80078125,47474.1015625,46897.80078125,47060.1015625,compass_local_day_vdat
2018-03-21,47260.5,47844.6015625,46619.1015625,46833.5,compass_local_day_vdat
2018-03-22,46907.1015625,47183.40234375,46238.80078125,46397.5,compass_local_day_vdat
2018-03-23,44783.5,46179.5,44722.80078125,45812.30078125,compass_local_day_vdat
2018-03-26,45274.30078125,46693.19921875,45142.30078125,46693.19921875,compass_local_day_vdat
2018-03-27,47386.40234375,48388.1015625,47386.40234375,48321.40234375,compass_local_day_vdat
2018-03-28,47884.90234375,48818.90234375,47653.6015625,47917.5,compass_local_day_vdat
2018-03-29,48230.80078125,48516.0,48095.6015625,48504.0,compass_local_day_vdat
2018-03-30,48772.5,49350.6015625,48754.1015625,49307.40234375,compass_local_day_vdat
2018-04-02,49530.1015625,50547.80078125,49530.1015625,50043.19921875,compass_local_day_vdat
2018-04-03,49255.80078125,50001.19921875,49046.30078125,49476.0,compass_local_day_vdat
2018-04-04,49800.80078125,50077.1015625,48800.5,48914.40234375,compass_local_day_vdat
2018-04-09,48903.5,49334.90234375,48431.0,48658.6015625,compass_local_day_vdat
2018-04-10,48789.69921875,49186.0,48396.5,48890.1015625,compass_local_day_vdat
2018-04-11,49083.5,49629.1015625,48851.6015625,49002.30078125,compass_local_day_vdat
2018-04-12,48885.6015625,49206.69921875,48004.19921875,48086.6015625,compass_local_day_vdat
2018-04-13,48421.6015625,48569.90234375,47112.30078125,47173.69921875,compass_local_day_vdat
2018-04-16,47073.5,47570.5,46534.69921875,46875.6015625,compass_local_day_vdat
2018-04-17,47022.30078125,47236.90234375,45672.5,45759.69921875,compass_local_day_vdat
2018-04-18,45856.1015625,46708.1015625,45620.40234375,46664.6015625,compass_local_day_vdat
2018-04-19,46647.6015625,47485.40234375,46638.30078125,46991.5,compass_local_day_vdat
2018-04-20,46678.0,47213.69921875,45718.5,45860.80078125,compass_local_day_vdat
2018-04-23,45893.0,46456.19921875,44708.6015625,45212.5,compass_local_day_vdat
2018-04-24,45303.40234375,46475.1015625,45303.40234375,46357.6015625,compass_local_day_vdat
2018-04-25,46094.80078125,46812.30078125,45938.69921875,46072.0,compass_local_day_vdat
2018-04-26,46016.30078125,46203.80078125,44866.19921875,44963.6015625,compass_local_day_vdat
2018-04-27,45313.6015625,45578.0,44717.80078125,44792.90234375,compass_local_day_vdat
2018-05-02,44946.19921875,45384.5,44129.40234375,44369.69921875,compass_local_day_vdat
2018-05-03,44251.19921875,44713.69921875,43996.19921875,44713.69921875,compass_local_day_vdat
2018-05-04,44547.69921875,44987.40234375,43946.0,43978.30078125,compass_local_day_vdat
2018-05-07,44130.1015625,44906.30078125,44111.90234375,44835.19921875,compass_local_day_vdat
2018-05-08,44866.30078125,45461.90234375,44866.30078125,45251.40234375,compass_local_day_vdat
2018-05-09,45178.19921875,45491.6015625,44514.19921875,44736.80078125,compass_local_day_vdat
2018-05-10,44899.1015625,45145.40234375,44331.69921875,44716.69921875,compass_local_day_vdat
2018-05-11,44804.30078125,45045.40234375,44076.69921875,44122.1015625,compass_local_day_vdat
2018-05-14,44208.19921875,44687.19921875,43708.90234375,43925.19921875,compass_local_day_vdat
2018-05-15,44040.6015625,44274.90234375,43550.19921875,44025.40234375,compass_local_day_vdat
2018-05-16,43837.40234375,44296.0,43516.90234375,43603.1015625,compass_local_day_vdat
2018-05-17,43576.90234375,43752.30078125,42683.6015625,42776.5,compass_local_day_vdat
2018-05-18,42749.40234375,42920.1015625,42154.5,42656.90234375,compass_local_day_vdat
2018-05-21,43053.80078125,43676.19921875,43053.80078125,43494.30078125,compass_local_day_vdat
2018-05-22,43453.69921875,43781.30078125,43264.1015625,43635.0,compass_local_day_vdat
2018-05-23,43461.69921875,43928.1015625,43137.6015625,43210.0,compass_local_day_vdat
2018-05-24,43196.90234375,43478.19921875,42579.30078125,42704.0,compass_local_day_vdat
2018-05-25,42682.1015625,42881.1015625,41960.90234375,42101.6015625,compass_local_day_vdat
2018-05-28,42193.5,42553.90234375,41715.69921875,41826.69921875,compass_local_day_vdat
2018-05-29,41723.1015625,42198.69921875,41298.90234375,41389.19921875,compass_local_day_vdat
2018-05-30,40611.0,41335.30078125,40292.80078125,40442.80078125,compass_local_day_vdat
2018-05-31,40993.6015625,41377.6015625,40805.90234375,41377.6015625,compass_local_day_vdat
2018-06-01,41132.1015625,41640.19921875,40405.40234375,40642.6015625,compass_local_day_vdat
2018-06-04,40883.69921875,41097.6015625,40260.30078125,40329.40234375,compass_local_day_vdat
2018-06-05,40351.90234375,40889.30078125,40351.90234375,40889.30078125,compass_local_day_vdat
2018-06-06,40816.6015625,41241.6015625,40546.1015625,40657.80078125,compass_local_day_vdat
2018-06-07,40666.19921875,41083.40234375,40131.0,40196.80078125,compass_local_day_vdat
2018-06-08,40043.69921875,40227.0,39261.6015625,39571.19921875,compass_local_day_vdat
2018-06-11,39477.30078125,39810.90234375,38802.69921875,38929.40234375,compass_local_day_vdat
2018-06-12,39037.6015625,39182.90234375,38770.30078125,39177.5,compass_local_day_vdat
2018-06-13,39033.5,39415.19921875,38274.0,38362.1015625,compass_local_day_vdat
2018-06-14,38135.30078125,38750.40234375,37618.90234375,37759.0,compass_local_day_vdat
2018-06-15,37703.90234375,37888.19921875,36937.80078125,37099.1015625,compass_local_day_vdat
2018-06-19,36353.90234375,36819.69921875,35641.6015625,36274.19921875,compass_local_day_vdat
2018-06-20,36031.5,36968.80078125,35999.90234375,36711.0,compass_local_day_vdat
2018-06-21,36632.19921875,37256.0,35930.69921875,35978.90234375,compass_local_day_vdat
2018-06-22,35537.40234375,36512.1015625,35516.6015625,36091.80078125,compass_local_day_vdat
2018-06-25,36475.69921875,36706.19921875,35539.80078125,35582.40234375,compass_local_day_vdat
2018-06-26,35035.1015625,36173.40234375,35035.1015625,35675.30078125,compass_local_day_vdat
2018-06-27,35742.6015625,36047.0,34964.1015625,35178.30078125,compass_local_day_vdat
2018-06-28,35017.69921875,35558.30078125,34326.1015625,34428.19921875,compass_local_day_vdat
2018-06-29,34614.19921875,35546.40234375,34511.40234375,35546.40234375,compass_local_day_vdat
2018-07-02,35688.1015625,36049.40234375,34839.6015625,35213.5,compass_local_day_vdat
2018-07-03,35322.1015625,35975.0,34820.6015625,35975.0,compass_local_day_vdat
2018-07-04,35751.90234375,36054.5,34898.6015625,35064.1015625,compass_local_day_vdat
2018-07-05,35007.5,35319.5,34003.5,34133.6015625,compass_local_day_vdat
2018-07-06,34137.6015625,35003.90234375,33664.90234375,34481.5,compass_local_day_vdat
2018-07-09,34701.90234375,35354.0,34660.90234375,35253.5,compass_local_day_vdat
2018-07-10,35290.1015625,35747.90234375,34948.69921875,35288.30078125,compass_local_day_vdat
2018-07-11,34542.40234375,35223.80078125,34122.6015625,34601.0,compass_local_day_vdat
2018-07-12,34654.40234375,36084.1015625,34654.40234375,36061.90234375,compass_local_day_vdat
2018-07-13,36071.80078125,36519.69921875,36028.80078125,36185.19921875,compass_local_day_vdat
2018-07-16,36210.30078125,36512.19921875,35821.1015625,35931.90234375,compass_local_day_vdat
2018-07-17,35833.0,35972.69921875,35091.90234375,35545.19921875,compass_local_day_vdat
2018-07-18,35661.0,35930.1015625,35081.5,35105.5,compass_local_day_vdat
2018-07-19,35132.80078125,35483.19921875,34417.6015625,34549.69921875,compass_local_day_vdat
2018-07-20,34484.19921875,35120.30078125,34379.80078125,35113.69921875,compass_local_day_vdat
2018-07-23,34859.6015625,35997.1015625,34859.19921875,35997.1015625,compass_local_day_vdat
2018-07-24,36107.5,37782.19921875,36107.5,37782.19921875,compass_local_day_vdat
2018-07-25,37840.69921875,38416.19921875,37828.80078125,38000.40234375,compass_local_day_vdat
2018-07-26,38013.6015625,38323.6015625,37528.40234375,37673.1015625,compass_local_day_vdat
2018-07-27,37641.0,37889.5,36973.90234375,37023.5,compass_local_day_vdat
2018-07-30,37000.1015625,37401.1015625,36168.1015625,36430.90234375,compass_local_day_vdat
2018-07-31,36368.5,36626.1015625,35618.19921875,35811.90234375,compass_local_day_vdat
2018-08-01,36021.1015625,36376.69921875,35083.69921875,35152.6015625,compass_local_day_vdat
2018-08-02,34989.30078125,35097.30078125,34044.1015625,34845.90234375,compass_local_day_vdat
2018-08-03,34726.80078125,34990.19921875,33818.19921875,33825.69921875,compass_local_day_vdat
2018-08-06,33667.80078125,34162.90234375,32702.599609375,32931.30078125,compass_local_day_vdat
2018-08-07,33107.90234375,33932.0,32871.80078125,33932.0,compass_local_day_vdat
2018-08-08,33772.80078125,34123.6015625,33112.80078125,33161.90234375,compass_local_day_vdat
2018-08-09,33080.30078125,34466.5,32972.19921875,34277.90234375,compass_local_day_vdat
2018-08-10,34278.30078125,34855.5,34038.80078125,34200.1015625,compass_local_day_vdat
2018-08-13,33707.30078125,34290.69921875,33707.30078125,34218.90234375,compass_local_day_vdat
2018-08-14,34139.1015625,34436.69921875,33515.90234375,33588.5,compass_local_day_vdat
2018-08-15,33581.40234375,33633.40234375,32489.701171875,32550.201171875,compass_local_day_vdat
2018-08-16,32218.599609375,32986.30078125,31885.80078125,31938.30078125,compass_local_day_vdat
2018-08-17,32289.30078125,32410.599609375,30973.099609375,31084.30078125,compass_local_day_vdat
2018-08-20,31165.5,31453.701171875,30507.099609375,31206.701171875,compass_local_day_vdat
2018-08-21,31208.80078125,31851.099609375,31195.400390625,31553.5,compass_local_day_vdat
2018-08-22,31472.099609375,31721.900390625,30687.599609375,30712.5,compass_local_day_vdat
2018-08-23,30761.201171875,31088.0,30410.400390625,30625.701171875,compass_local_day_vdat
2018-08-24,30521.099609375,30730.5,30089.80078125,30153.701171875,compass_local_day_vdat
2018-08-27,30257.80078125,31232.201171875,30257.80078125,31232.201171875,compass_local_day_vdat
2018-08-28,31283.30078125,31705.30078125,31097.099609375,31253.5,compass_local_day_vdat
2018-08-29,31181.80078125,31387.900390625,30619.0,30708.201171875,compass_local_day_vdat
2018-08-30,30719.80078125,30857.900390625,29903.0,29967.80078125,compass_local_day_vdat
2018-08-31,29788.80078125,30045.099609375,29298.400390625,29355.900390625,compass_local_day_vdat
2018-09-03,29304.400390625,29373.0,28866.400390625,29189.201171875,compass_local_day_vdat
2018-09-04,29145.900390625,29530.201171875,28968.900390625,29517.30078125,compass_local_day_vdat
2018-09-05,29383.5,29719.201171875,28873.900390625,28891.099609375,compass_local_day_vdat
2018-09-06,28779.400390625,29253.5,28427.30078125,28557.099609375,compass_local_day_vdat
2018-09-07,28560.400390625,29254.201171875,28434.201171875,28578.201171875,compass_local_day_vdat
2018-09-10,28590.599609375,28712.0,27890.5,27920.900390625,compass_local_day_vdat
2018-09-11,27923.400390625,28149.5,27495.201171875,27622.0,compass_local_day_vdat
2018-09-12,27594.201171875,27921.900390625,27127.099609375,27192.0,compass_local_day_vdat
2018-09-13,27614.400390625,27735.5,27074.599609375,27450.30078125,compass_local_day_vdat
2018-09-14,27457.201171875,27704.099609375,27050.400390625,27098.201171875,compass_local_day_vdat
2018-09-17,26857.900390625,27088.201171875,26345.30078125,26356.400390625,compass_local_day_vdat
2018-09-18,26269.400390625,26976.400390625,26176.599609375,26976.400390625,compass_local_day_vdat
2018-09-19,26908.400390625,28054.201171875,26908.400390625,27916.400390625,compass_local_day_vdat
2018-09-20,27918.201171875,28349.30078125,27715.701171875,27785.5,compass_local_day_vdat
2018-09-21,27912.701171875,28871.201171875,27830.0,28871.201171875,compass_local_day_vdat
2018-09-25,28629.900390625,29241.400390625,28545.30078125,28595.0,compass_local_day_vdat
2018-09-26,28689.900390625,29379.900390625,28674.599609375,29229.599609375,compass_local_day_vdat
2018-09-27,29155.30078125,29501.400390625,28941.099609375,28971.5,compass_local_day_vdat
2018-09-28,29066.900390625,29315.099609375,29016.0,29198.30078125,compass_local_day_vdat
2018-10-08,28591.900390625,29036.201171875,28237.201171875,28307.30078125,compass_local_day_vdat
2018-10-09,28415.201171875,28743.900390625,27951.900390625,28090.900390625,compass_local_day_vdat
2018-10-10,28185.599609375,28440.201171875,27760.80078125,27859.5,compass_local_day_vdat
2018-10-11,26859.80078125,27589.30078125,26789.900390625,27063.400390625,compass_local_day_vdat
2018-10-12,26944.900390625,27787.599609375,26693.099609375,27674.099609375,compass_local_day_vdat
2018-10-15,27764.599609375,28185.5,27074.5,27134.099609375,compass_local_day_vdat
2018-10-16,27162.900390625,27496.400390625,26344.701171875,26522.0,compass_local_day_vdat
2018-10-17,26999.0,27003.0,26155.099609375,26759.0,compass_local_day_vdat
2018-10-18,26462.80078125,26737.80078125,25827.201171875,25905.80078125,compass_local_day_vdat
2018-10-19,25485.400390625,27007.80078125,25485.400390625,27007.80078125,compass_local_day_vdat
2018-10-22,27450.201171875,29902.701171875,27450.201171875,29760.80078125,compass_local_day_vdat
2018-10-23,29733.201171875,30314.0,29582.80078125,29816.099609375,compass_local_day_vdat
2018-10-24,29746.5,30603.900390625,29746.5,29967.201171875,compass_local_day_vdat
2018-10-25,29028.30078125,30001.201171875,29016.599609375,30001.201171875,compass_local_day_vdat
2018-10-26,30288.599609375,30727.400390625,29781.201171875,29906.80078125,compass_local_day_vdat
2018-10-29,29795.201171875,30030.900390625,29014.701171875,29142.900390625,compass_local_day_vdat
2018-10-30,29119.5,30173.599609375,29036.900390625,29808.099609375,compass_local_day_vdat
2018-10-31,29844.099609375,30771.5,29844.099609375,30542.701171875,compass_local_day_vdat
2018-11-01,30919.30078125,31970.5,30919.30078125,31565.599609375,compass_local_day_vdat
2018-11-02,32425.5,33873.40234375,32425.5,33873.40234375,compass_local_day_vdat
2018-11-05,33819.5,34739.80078125,33819.5,34464.1015625,compass_local_day_vdat
2018-11-06,34285.80078125,34492.19921875,33876.0,34116.1015625,compass_local_day_vdat
2018-11-07,34220.6015625,34733.80078125,34017.1015625,34045.19921875,compass_local_day_vdat
2018-11-08,34361.0,34438.80078125,33483.80078125,33534.40234375,compass_local_day_vdat
2018-11-09,33300.69921875,33773.40234375,32899.19921875,32912.80078125,compass_local_day_vdat
2018-11-12,32914.5,33811.90234375,32869.80078125,33811.90234375,compass_local_day_vdat
2018-11-13,33400.90234375,35365.0,33400.90234375,35324.5,compass_local_day_vdat
2018-11-14,35294.90234375,36015.6015625,35294.90234375,35634.69921875,compass_local_day_vdat
2018-11-15,35659.6015625,36533.80078125,35659.6015625,36533.80078125,compass_local_day_vdat
2018-11-16,36533.40234375,37783.69921875,36533.40234375,37668.19921875,compass_local_day_vdat
2018-11-19,37703.40234375,38391.0,37703.40234375,38343.80078125,compass_local_day_vdat
2018-11-20,37932.6015625,38547.6015625,37491.6015625,37592.40234375,compass_local_day_vdat
2018-11-21,37145.30078125,38091.0,37145.30078125,37522.69921875,compass_local_day_vdat
2018-11-22,37689.30078125,37863.5,36834.30078125,36861.5,compass_local_day_vdat
2018-11-23,36724.69921875,36798.30078125,35356.5,35365.80078125,compass_local_day_vdat
2018-11-26,35351.30078125,35705.40234375,34365.19921875,34445.5,compass_local_day_vdat
2018-11-27,34740.80078125,34857.19921875,33692.5,33831.1015625,compass_local_day_vdat
2018-11-28,33803.40234375,34063.90234375,33501.5,33801.5,compass_local_day_vdat
2018-11-29,34036.6015625,34279.30078125,32779.6015625,32779.6015625,compass_local_day_vdat
2018-11-30,32722.099609375,32996.0,32045.701171875,32576.400390625,compass_local_day_vdat
2018-12-03,33693.0,34725.1015625,33632.40234375,34426.5,compass_local_day_vdat
2018-12-04,34338.0,34863.40234375,34290.6015625,34571.80078125,compass_local_day_vdat
2018-12-05,33933.90234375,34791.40234375,33933.90234375,34234.0,compass_local_day_vdat
2018-12-06,33942.30078125,34329.30078125,33328.80078125,33340.1015625,compass_local_day_vdat
2018-12-07,33479.6015625,33618.1015625,32605.599609375,32653.701171875,compass_local_day_vdat
2018-12-10,32428.599609375,32717.201171875,31732.900390625,31748.30078125,compass_local_day_vdat
2018-12-11,31893.201171875,32055.400390625,31137.701171875,31262.201171875,compass_local_day_vdat
2018-12-12,31415.701171875,31578.30078125,30604.099609375,30618.30078125,compass_local_day_vdat
2018-12-13,30709.599609375,31426.900390625,30602.201171875,31050.201171875,compass_local_day_vdat
2018-12-14,30929.80078125,31080.701171875,30162.900390625,30243.701171875,compass_local_day_vdat
2018-12-17,30171.80078125,30452.30078125,29714.0,29878.599609375,compass_local_day_vdat
2018-12-18,29696.201171875,30014.099609375,29102.80078125,29219.099609375,compass_local_day_vdat
2018-12-19,29270.701171875,29323.099609375,28281.80078125,28349.400390625,compass_local_day_vdat
2018-12-20,28311.0,28650.80078125,27993.099609375,28098.30078125,compass_local_day_vdat
2018-12-21,27981.201171875,28102.599609375,27366.900390625,27570.80078125,compass_local_day_vdat
2018-12-24,27557.400390625,27982.900390625,27257.900390625,27377.099609375,compass_local_day_vdat
2018-12-25,27019.599609375,27350.80078125,26764.099609375,27281.5,compass_local_day_vdat
2018-12-26,27259.201171875,27489.400390625,26833.400390625,26859.201171875,compass_local_day_vdat
2018-12-27,27302.201171875,27398.400390625,26463.400390625,26475.900390625,compass_local_day_vdat
2018-12-28,26557.201171875,26902.80078125,26257.099609375,26399.80078125,compass_local_day_vdat
2019-01-02,26701.099609375,26792.201171875,26189.099609375,26202.201171875,compass_local_day_vdat
2019-01-03,26165.0,26658.80078125,25918.599609375,25970.400390625,compass_local_day_vdat
2019-01-04,25679.80078125,27252.80078125,25679.80078125,27252.80078125,compass_local_day_vdat
2019-01-07,27498.701171875,28391.701171875,27489.0,28391.701171875,compass_local_day_vdat
2019-01-08,28315.400390625,28842.201171875,28314.5,28501.599609375,compass_local_day_vdat
2019-01-09,28610.0,29682.80078125,28606.30078125,29448.900390625,compass_local_day_vdat
2019-01-10,29433.599609375,29895.201171875,29373.900390625,29493.201171875,compass_local_day_vdat
2019-01-11,29495.5,29945.400390625,29495.5,29657.0,compass_local_day_vdat
2019-01-14,29695.599609375,29951.099609375,29222.201171875,29303.400390625,compass_local_day_vdat
2019-01-15,29224.5,29890.201171875,29202.400390625,29890.201171875,compass_local_day_vdat
2019-01-16,29874.900390625,30300.099609375,29821.5,29855.701171875,compass_local_day_vdat
2019-01-17,29831.201171875,30064.80078125,29535.400390625,29611.80078125,compass_local_day_vdat
2019-01-18,29689.80078125,30137.5,29689.80078125,30107.0,compass_local_day_vdat
2019-01-21,30165.0,30841.900390625,30165.0,30452.80078125,compass_local_day_vdat
2019-01-22,30395.099609375,30585.400390625,29856.30078125,29933.201171875,compass_local_day_vdat
2019-01-23,29815.201171875,30093.80078125,29438.900390625,29510.099609375,compass_local_day_vdat
2019-01-24,29558.900390625,29986.201171875,29533.900390625,29652.099609375,compass_local_day_vdat
2019-01-25,29686.201171875,30020.599609375,29608.30078125,29659.599609375,compass_local_day_vdat
2019-01-28,29881.701171875,30358.599609375,29525.099609375,29563.5,compass_local_day_vdat
2019-01-29,29424.400390625,29546.30078125,29110.5,29246.099609375,compass_local_day_vdat
2019-01-30,29041.80078125,29395.400390625,28422.599609375,28444.0,compass_local_day_vdat
2019-01-31,28507.201171875,28887.30078125,28084.099609375,28313.701171875,compass_local_day_vdat
2019-02-01,28579.201171875,28947.400390625,28536.80078125,28947.400390625,compass_local_day_vdat
2019-02-11,29153.099609375,30185.599609375,29153.099609375,30185.599609375,compass_local_day_vdat
2019-02-12,30176.0,31177.599609375,30176.0,31158.400390625,compass_local_day_vdat
2019-02-13,31156.80078125,33120.1015625,31144.5,33120.1015625,compass_local_day_vdat
2019-02-14,33119.19921875,34098.1015625,33119.1015625,34055.5,compass_local_day_vdat
2019-02-15,33948.6015625,34731.30078125,33948.6015625,34479.6015625,compass_local_day_vdat
2019-02-18,34893.69921875,37386.5,34893.69921875,37386.5,compass_local_day_vdat
2019-02-19,37595.80078125,39311.90234375,37595.80078125,39311.90234375,compass_local_day_vdat
2019-02-20,39336.40234375,40240.5,39336.40234375,40149.40234375,compass_local_day_vdat
2019-02-21,40074.5,41923.0,40059.40234375,41645.30078125,compass_local_day_vdat
2019-02-22,41570.69921875,44234.0,41570.69921875,44234.0,compass_local_day_vdat
2019-02-25,45412.40234375,51408.80078125,45412.40234375,51408.80078125,compass_local_day_vdat
2019-02-26,51694.19921875,55985.5,51466.5,55295.6015625,compass_local_day_vdat
2019-02-27,55142.80078125,57405.80078125,55142.80078125,57195.40234375,compass_local_day_vdat
2019-02-28,57061.90234375,58326.40234375,56931.5,57313.0,compass_local_day_vdat
2019-03-01,57630.19921875,58506.1015625,57411.90234375,58453.80078125,compass_local_day_vdat
2019-03-04,59365.5,63006.90234375,59307.6015625,62606.5,compass_local_day_vdat
2019-03-05,62280.5,65548.8046875,62229.80078125,65548.8046875,compass_local_day_vdat
2019-03-06,66060.1015625,69463.8046875,66060.1015625,69450.5,compass_local_day_vdat
2019-03-07,69386.3984375,73389.3046875,69278.203125,72908.8046875,compass_local_day_vdat
2019-03-08,70633.5,74808.703125,70433.5,72005.1015625,compass_local_day_vdat
2019-03-11,73057.8984375,75060.3984375,72895.3984375,75054.1015625,compass_local_day_vdat
2019-03-12,75765.703125,78478.8046875,75765.703125,78178.703125,compass_local_day_vdat
2019-03-13,78194.8046875,79154.3046875,76717.6015625,77295.203125,compass_local_day_vdat
2019-03-14,76478.8984375,77728.1015625,73990.5,74802.8984375,compass_local_day_vdat
2019-03-15,75552.1015625,76617.8984375,74439.0,74879.203125,compass_local_day_vdat
2019-03-18,75209.0,76672.703125,74673.3046875,76672.703125,compass_local_day_vdat
2019-03-19,76651.6015625,78133.3984375,75867.203125,76233.8984375,compass_local_day_vdat
2019-03-20,76023.5,76750.3984375,74701.8046875,75671.8984375,compass_local_day_vdat
2019-03-21,75874.6015625,77335.203125,75797.6015625,76445.8984375,compass_local_day_vdat
2019-03-22,76384.0,76883.3046875,75561.8046875,76128.703125,compass_local_day_vdat
2019-03-25,74687.6015625,76867.6015625,74687.6015625,74868.1015625,compass_local_day_vdat
2019-03-26,75470.3046875,75573.1015625,72337.5,72566.1015625,compass_local_day_vdat
2019-03-27,73336.3984375,73439.5,71637.8984375,72110.703125,compass_local_day_vdat
2019-03-28,71650.0,73099.0,70113.203125,70153.0,compass_local_day_vdat
2019-03-29,70296.3046875,72913.1015625,70195.8984375,72913.1015625,compass_local_day_vdat
2019-04-01,73832.203125,77377.6015625,73832.203125,77257.703125,compass_local_day_vdat
2019-04-02,77705.203125,79492.8046875,77705.203125,78723.0,compass_local_day_vdat
2019-04-03,78114.3984375,80041.8046875,78102.6015625,80038.3984375,compass_local_day_vdat
2019-04-04,80577.8984375,82018.3984375,80577.8984375,81344.5,compass_local_day_vdat
2019-04-08,82251.703125,83308.3046875,81322.3046875,82304.703125,compass_local_day_vdat
2019-04-09,82011.8984375,83086.703125,81157.703125,81857.8984375,compass_local_day_vdat
2019-04-10,81251.5,82356.3984375,81088.703125,81586.3984375,compass_local_day_vdat
2019-04-11,81538.0,82134.6015625,79227.5,79334.6015625,compass_local_day_vdat
2019-04-12,79324.0,79962.3046875,77290.5,77632.0,compass_local_day_vdat
2019-04-15,79127.203125,80148.0,76469.0,76513.8984375,compass_local_day_vdat
2019-04-16,75840.6015625,77971.203125,75779.8046875,77971.203125,compass_local_day_vdat
2019-04-17,77975.0,79193.0,77957.0,78249.203125,compass_local_day_vdat
2019-04-18,78169.1015625,78960.203125,76790.8984375,76943.3046875,compass_local_day_vdat
2019-04-19,76808.3046875,77667.703125,76016.3046875,76556.6015625,compass_local_day_vdat
2019-04-22,76843.3046875,77394.1015625,74902.0,75151.3984375,compass_local_day_vdat
2019-04-23,74929.703125,75503.3046875,73172.8046875,73386.5,compass_local_day_vdat
2019-04-24,73638.8046875,73905.0,72277.203125,72879.5,compass_local_day_vdat
2019-04-25,72376.0,72957.1015625,69631.8984375,69719.0,compass_local_day_vdat
2019-04-26,69275.6015625,70051.703125,67784.703125,67823.3984375,compass_local_day_vdat
2019-04-29,67982.1015625,68028.8046875,65208.0,65327.90234375,compass_local_day_vdat
2019-04-30,65016.19921875,66210.5,64009.19921875,64323.6015625,compass_local_day_vdat
2019-05-06,61808.5,62965.19921875,59697.90234375,59939.0,compass_local_day_vdat
2019-05-07,60552.40234375,61444.5,58977.80078125,59969.6015625,compass_local_day_vdat
2019-05-08,58629.1015625,60752.1015625,58543.0,58647.6015625,compass_local_day_vdat
2019-05-09,58036.0,58840.80078125,56536.5,56572.5,compass_local_day_vdat
2019-05-10,57661.80078125,58884.5,56224.30078125,58861.0,compass_local_day_vdat
2019-05-13,58642.40234375,59190.5,57115.80078125,57214.1015625,compass_local_day_vdat
2019-05-14,56605.5,57789.30078125,55707.90234375,55753.30078125,compass_local_day_vdat
2019-05-15,56434.1015625,56804.80078125,56097.5,56403.19921875,compass_local_day_vdat
2019-05-16,56366.1015625,57114.90234375,55921.80078125,56043.80078125,compass_local_day_vdat
2019-05-17,56136.1015625,56291.5,53795.69921875,54081.90234375,compass_local_day_vdat
2019-05-20,54016.40234375,54458.6015625,52776.40234375,53012.90234375,compass_local_day_vdat
2019-05-21,52985.6015625,54286.80078125,52853.69921875,53367.80078125,compass_local_day_vdat
2019-05-22,53271.5,54020.6015625,52120.5,52354.30078125,compass_local_day_vdat
2019-05-23,52054.1015625,52329.5,50299.80078125,50475.0,compass_local_day_vdat
2019-05-24,50369.0,50900.0,48883.0,48901.19921875,compass_local_day_vdat
2019-05-27,49029.0,49871.69921875,48527.90234375,49706.0,compass_local_day_vdat
2019-05-28,49705.6015625,50467.80078125,49219.0,49684.69921875,compass_local_day_vdat
2019-05-29,49465.1015625,50074.1015625,49114.0,49173.6015625,compass_local_day_vdat
2019-05-30,48902.69921875,49122.5,47870.19921875,48255.5,compass_local_day_vdat
2019-05-31,48236.5,48957.40234375,47504.1015625,47533.69921875,compass_local_day_vdat
2019-06-03,47790.5,48235.19921875,46718.1015625,46760.40234375,compass_local_day_vdat
2019-06-04,46688.6015625,46894.6015625,45178.19921875,45473.40234375,compass_local_day_vdat
2019-06-05,46011.30078125,46017.1015625,44736.30078125,44837.90234375,compass_local_day_vdat
2019-06-06,44695.80078125,44891.1015625,43079.80078125,43226.40234375,compass_local_day_vdat
2019-06-10,43308.1015625,43957.80078125,43072.69921875,43148.80078125,compass_local_day_vdat
2019-06-11,43381.40234375,45783.40234375,43375.0,45783.40234375,compass_local_day_vdat
2019-06-12,45577.69921875,46505.40234375,45535.5,45574.5,compass_local_day_vdat
2019-06-13,45604.40234375,46019.40234375,45417.80078125,45465.40234375,compass_local_day_vdat
2019-06-14,45534.19921875,45834.80078125,44106.40234375,44265.80078125,compass_local_day_vdat
2019-06-17,44263.19921875,44764.90234375,43181.80078125,43264.40234375,compass_local_day_vdat
2019-06-18,43323.30078125,43409.0,42175.1015625,42248.90234375,compass_local_day_vdat
2019-06-19,43477.6015625,44270.40234375,43274.5,43336.40234375,compass_local_day_vdat
2019-06-20,43308.5,45525.40234375,43296.19921875,45515.6015625,compass_local_day_vdat
2019-06-21,45907.80078125,47438.5,45907.80078125,47263.40234375,compass_local_day_vdat
2019-06-24,47341.80078125,48008.6015625,47007.30078125,47223.19921875,compass_local_day_vdat
2019-06-25,47081.30078125,47336.5,46639.69921875,46956.69921875,compass_local_day_vdat
2019-06-26,46466.69921875,47255.90234375,45929.40234375,45977.0,compass_local_day_vdat
2019-06-27,46214.6015625,47133.40234375,46178.0,46415.40234375,compass_local_day_vdat
2019-06-28,46289.6015625,46542.19921875,45198.30078125,45387.19921875,compass_local_day_vdat
2019-07-01,46593.0,47989.0,46489.1015625,47968.5,compass_local_day_vdat
2019-07-02,47938.6015625,48888.30078125,47894.80078125,48272.80078125,compass_local_day_vdat
2019-07-03,48142.19921875,48454.30078125,47535.69921875,47775.1015625,compass_local_day_vdat
2019-07-04,47893.0,48304.1015625,46879.80078125,47103.5,compass_local_day_vdat
2019-07-05,47113.6015625,47275.30078125,46453.19921875,46514.69921875,compass_local_day_vdat
2019-07-08,46244.5,46252.5,45093.5,45115.80078125,compass_local_day_vdat
2019-07-09,45117.69921875,45382.0,44273.6015625,44366.1015625,compass_local_day_vdat
2019-07-10,44471.40234375,44546.5,42973.40234375,43167.80078125,compass_local_day_vdat
2019-07-11,43471.90234375,43962.0,42349.19921875,42459.6015625,compass_local_day_vdat
2019-07-12,42462.19921875,42954.5,41801.90234375,41844.90234375,compass_local_day_vdat
2019-07-15,41565.1015625,42901.6015625,41460.19921875,42365.6015625,compass_local_day_vdat
2019-07-16,42253.1015625,42704.30078125,41746.5,41816.0,compass_local_day_vdat
2019-07-17,41713.5,42264.19921875,41456.0,41525.69921875,compass_local_day_vdat
2019-07-18,41366.90234375,41550.19921875,40412.0,40429.69921875,compass_local_day_vdat
2019-07-19,40703.80078125,41380.1015625,40159.30078125,40241.0,compass_local_day_vdat
2019-07-22,40272.6015625,40289.69921875,39049.69921875,39093.5,compass_local_day_vdat
2019-07-23,39125.30078125,39526.69921875,38701.1015625,38783.1015625,compass_local_day_vdat
2019-07-24,38948.1015625,39825.90234375,38948.1015625,39147.6015625,compass_local_day_vdat
2019-07-25,39139.19921875,39584.19921875,39008.69921875,39230.0,compass_local_day_vdat
2019-07-26,39054.90234375,39476.40234375,38729.0,38806.40234375,compass_local_day_vdat
2019-07-29,38812.0,39156.40234375,38296.69921875,38386.5,compass_local_day_vdat
2019-07-30,38445.40234375,39118.40234375,38258.80078125,38347.19921875,compass_local_day_vdat
2019-07-31,38302.30078125,38567.6015625,37777.30078125,37836.40234375,compass_local_day_vdat
2019-08-01,37582.5,38152.30078125,37344.40234375,37472.5,compass_local_day_vdat
2019-08-02,36743.0,37692.90234375,36732.0,37374.19921875,compass_local_day_vdat
2019-08-05,37247.1015625,38038.30078125,36962.90234375,37036.6015625,compass_local_day_vdat
2019-08-06,36354.6015625,37603.6015625,36354.6015625,37393.6015625,compass_local_day_vdat
2019-08-07,37726.90234375,38008.69921875,36954.6015625,36958.40234375,compass_local_day_vdat
2019-08-08,37192.0,37628.69921875,36950.1015625,37007.1015625,compass_local_day_vdat
2019-08-09,37273.6015625,37559.6015625,36356.69921875,36454.19921875,compass_local_day_vdat
2019-08-12,36628.19921875,37021.30078125,36472.5,37021.30078125,compass_local_day_vdat
2019-08-13,36679.40234375,37164.90234375,36330.1015625,36400.69921875,compass_local_day_vdat
2019-08-14,36892.30078125,37462.80078125,36576.1015625,36667.90234375,compass_local_day_vdat
2019-08-15,35842.69921875,36979.0,35842.69921875,36979.0,compass_local_day_vdat
2019-08-16,36997.90234375,37818.69921875,36997.90234375,37462.0,compass_local_day_vdat
2019-08-19,37950.0,40096.90234375,37950.0,40096.90234375,compass_local_day_vdat
2019-08-20,40060.5,41114.69921875,40060.5,40827.40234375,compass_local_day_vdat
2019-08-21,40767.0,41320.80078125,40767.0,41007.1015625,compass_local_day_vdat
2019-08-22,41167.30078125,41672.19921875,41030.0,41201.6015625,compass_local_day_vdat
2019-08-23,41266.1015625,41820.6015625,41235.5,41498.30078125,compass_local_day_vdat
2019-08-26,41387.0,41995.5,40823.0,41463.1015625,compass_local_day_vdat
2019-08-27,41778.0,43311.1015625,41775.69921875,43163.19921875,compass_local_day_vdat
2019-08-28,43119.0,43719.30078125,43119.0,43377.6015625,compass_local_day_vdat
2019-08-29,43456.6015625,44114.6015625,43456.6015625,43580.40234375,compass_local_day_vdat
2019-08-30,43846.30078125,44497.1015625,43513.19921875,43865.5,compass_local_day_vdat
2019-09-02,44002.30078125,45619.5,43982.80078125,45619.5,compass_local_day_vdat
2019-09-03,45724.19921875,46500.0,45704.40234375,46495.1015625,compass_local_day_vdat
2019-09-04,46399.30078125,47668.30078125,46399.30078125,47668.30078125,compass_local_day_vdat
2019-09-05,48151.19921875,50615.80078125,48151.19921875,50331.90234375,compass_local_day_vdat
2019-09-06,50616.19921875,51499.40234375,50522.30078125,51086.19921875,compass_local_day_vdat
2019-09-09,51707.30078125,53420.30078125,51631.90234375,53420.30078125,compass_local_day_vdat
2019-09-10,53418.40234375,54309.69921875,53389.6015625,54049.80078125,compass_local_day_vdat
2019-09-11,54169.6015625,54878.40234375,53807.19921875,53965.30078125,compass_local_day_vdat
2019-09-12,54189.6015625,54533.1015625,53720.1015625,53935.80078125,compass_local_day_vdat
2019-09-16,54195.40234375,54926.19921875,53836.1015625,54116.0,compass_local_day_vdat
2019-09-17,53863.5,54174.80078125,52716.69921875,52981.80078125,compass_local_day_vdat
2019-09-18,53382.1015625,53643.80078125,52430.5,52530.40234375,compass_local_day_vdat
2019-09-19,52651.90234375,53064.1015625,52189.90234375,52514.0,compass_local_day_vdat
2019-09-20,52638.19921875,53239.69921875,52153.19921875,52463.19921875,compass_local_day_vdat
2019-09-23,52208.5,52628.6015625,51394.0,51793.6015625,compass_local_day_vdat
2019-09-24,51811.90234375,52616.30078125,51712.6015625,51801.5,compass_local_day_vdat
2019-09-25,51364.40234375,51778.40234375,50479.5,50518.90234375,compass_local_day_vdat
2019-09-26,50524.69921875,50747.6015625,48936.40234375,48971.1015625,compass_local_day_vdat
2019-09-27,49026.40234375,49659.1015625,48333.90234375,48435.5,compass_local_day_vdat
2019-09-30,48481.80078125,48807.19921875,46600.6015625,46609.6015625,compass_local_day_vdat
2019-10-08,46854.30078125,47359.40234375,45766.0,45800.30078125,compass_local_day_vdat
2019-10-09,45555.30078125,46166.19921875,45260.80078125,45368.1015625,compass_local_day_vdat
2019-10-10,45332.69921875,46057.40234375,45328.19921875,45633.5,compass_local_day_vdat
2019-10-11,45744.19921875,45992.80078125,45584.69921875,45644.90234375,compass_local_day_vdat
2019-10-14,46261.19921875,47532.69921875,46259.6015625,46887.0,compass_local_day_vdat
2019-10-15,46619.5,46965.6015625,45979.6015625,46029.69921875,compass_local_day_vdat
2019-10-16,46234.1015625,46778.40234375,45483.90234375,45527.6015625,compass_local_day_vdat
2019-10-17,45662.80078125,46000.6015625,44655.30078125,44762.19921875,compass_local_day_vdat
2019-10-18,44822.90234375,45112.69921875,43748.1015625,43817.69921875,compass_local_day_vdat
2019-10-21,43837.1015625,44125.40234375,42979.1015625,43246.19921875,compass_local_day_vdat
2019-10-22,43333.0,43818.0,42815.80078125,43073.90234375,compass_local_day_vdat
2019-10-23,43034.30078125,43316.0,42035.5,42156.69921875,compass_local_day_vdat
2019-10-24,42121.1015625,42498.30078125,41468.80078125,41558.40234375,compass_local_day_vdat
2019-10-25,41531.80078125,41917.30078125,41494.80078125,41823.40234375,compass_local_day_vdat
2019-10-28,42431.69921875,43647.0,42431.69921875,43511.19921875,compass_local_day_vdat
2019-10-29,43503.69921875,44336.90234375,43503.69921875,43628.40234375,compass_local_day_vdat
2019-10-30,43423.5,44205.90234375,43235.0,43385.30078125,compass_local_day_vdat
2019-10-31,43453.30078125,43931.30078125,42889.5,42973.1015625,compass_local_day_vdat
2019-11-01,42806.6015625,43600.6015625,42803.1015625,43498.69921875,compass_local_day_vdat
2019-11-04,43519.5,44557.69921875,43519.5,44001.1015625,compass_local_day_vdat
2019-11-05,44026.1015625,44752.30078125,44020.1015625,44474.6015625,compass_local_day_vdat
2019-11-06,44414.40234375,44818.1015625,43771.69921875,43982.80078125,compass_local_day_vdat
2019-11-07,44010.19921875,44700.30078125,43776.1015625,43899.90234375,compass_local_day_vdat
2019-11-08,44238.90234375,44534.90234375,43573.30078125,43636.90234375,compass_local_day_vdat
2019-11-11,43254.80078125,43709.0,42476.6015625,42600.19921875,compass_local_day_vdat
2019-11-12,42599.1015625,42807.19921875,41921.80078125,42114.40234375,compass_local_day_vdat
2019-11-13,42005.30078125,42275.30078125,41369.40234375,41544.69921875,compass_local_day_vdat
2019-11-14,41547.19921875,41887.5,41460.90234375,41524.80078125,compass_local_day_vdat
2019-11-15,41451.6015625,41897.6015625,40797.90234375,40812.1015625,compass_local_day_vdat
2019-11-18,40886.5,41444.1015625,40647.90234375,40783.5,compass_local_day_vdat
2019-11-19,40770.80078125,41614.19921875,40770.80078125,41471.69921875,compass_local_day_vdat
2019-11-20,41424.19921875,42006.1015625,41021.40234375,41128.90234375,compass_local_day_vdat
2019-11-21,40909.80078125,41464.5,40394.80078125,40584.6015625,compass_local_day_vdat
2019-11-22,40687.5,41303.69921875,40256.1015625,40460.40234375,compass_local_day_vdat
2019-11-25,40500.40234375,41017.80078125,40165.19921875,40338.6015625,compass_local_day_vdat
2019-11-26,40447.90234375,40842.90234375,39989.5,40432.1015625,compass_local_day_vdat
2019-11-27,40279.69921875,40753.40234375,39989.40234375,40062.0,compass_local_day_vdat
2019-11-28,40028.40234375,40368.0,39158.30078125,39289.40234375,compass_local_day_vdat
2019-11-29,39271.90234375,39612.30078125,38658.1015625,38803.1015625,compass_local_day_vdat
2019-12-02,38911.90234375,39444.1015625,38519.30078125,38606.80078125,compass_local_day_vdat
2019-12-03,38509.1015625,38735.5,38277.5,38524.40234375,compass_local_day_vdat
2019-12-04,38323.6015625,38971.80078125,38241.90234375,38344.90234375,compass_local_day_vdat
2019-12-05,38488.0,39151.30078125,38488.0,39094.6015625,compass_local_day_vdat
2019-12-06,39119.0,39619.30078125,39119.0,39524.6015625,compass_local_day_vdat
2019-12-09,39712.19921875,40459.40234375,39712.19921875,40074.0,compass_local_day_vdat
2019-12-10,39937.80078125,40721.6015625,39915.1015625,40721.6015625,compass_local_day_vdat
2019-12-11,40676.1015625,41271.1015625,40676.1015625,40814.80078125,compass_local_day_vdat
2019-12-12,40839.90234375,41332.90234375,40803.90234375,40934.90234375,compass_local_day_vdat
2019-12-13,41390.80078125,42728.1015625,41390.80078125,42728.1015625,compass_local_day_vdat
2019-12-16,42923.0,44907.1015625,42923.0,44902.40234375,compass_local_day_vdat
2019-12-17,44925.0,47724.30078125,44925.0,47724.30078125,compass_local_day_vdat
2019-12-18,47712.1015625,48967.30078125,47712.1015625,48916.69921875,compass_local_day_vdat
2019-12-19,48910.19921875,49568.30078125,48910.19921875,49265.1015625,compass_local_day_vdat
2019-12-20,49345.80078125,49862.6015625,49007.6015625,49102.19921875,compass_local_day_vdat
2019-12-23,48809.90234375,49654.80078125,48161.6015625,48225.30078125,compass_local_day_vdat
2019-12-24,48428.0,48744.40234375,48281.6015625,48514.0,compass_local_day_vdat
2019-12-25,48435.6015625,49237.5,48428.6015625,48687.40234375,compass_local_day_vdat
2019-12-26,48667.0,49304.30078125,48487.6015625,48938.69921875,compass_local_day_vdat
2019-12-27,49127.30078125,50090.6015625,49127.30078125,49388.80078125,compass_local_day_vdat
2019-12-30,49098.80078125,50653.30078125,49089.1015625,50628.80078125,compass_local_day_vdat
2019-12-31,50583.0,51490.80078125,50583.0,51001.40234375,compass_local_day_vdat
2020-01-02,51531.30078125,53802.30078125,51531.30078125,53802.30078125,compass_local_day_vdat
2020-01-03,54080.5,55269.80078125,54080.5,55070.80078125,compass_local_day_vdat
2020-01-06,54786.5,57290.5,54786.5,57276.80078125,compass_local_day_vdat
2020-01-07,57474.1015625,58835.69921875,57474.1015625,58835.69921875,compass_local_day_vdat
2020-01-08,58555.90234375,59804.90234375,58555.90234375,59106.0,compass_local_day_vdat
2020-01-09,59757.80078125,60898.80078125,59757.80078125,60515.19921875,compass_local_day_vdat
2020-01-10,60810.1015625,61233.0,60259.30078125,60325.0,compass_local_day_vdat
2020-01-13,60360.69921875,61427.40234375,60360.69921875,61427.40234375,compass_local_day_vdat
2020-01-14,61693.1015625,62553.90234375,61419.80078125,61501.19921875,compass_local_day_vdat
2020-01-15,61330.6015625,61821.19921875,60856.0,61008.30078125,compass_local_day_vdat
2020-01-16,61100.90234375,61669.0,60468.80078125,60555.19921875,compass_local_day_vdat
2020-01-17,60740.0,61267.6015625,59829.69921875,59925.5,compass_local_day_vdat
2020-01-20,60295.90234375,61342.6015625,60295.90234375,61147.40234375,compass_local_day_vdat
2020-01-21,61003.40234375,61884.80078125,60671.80078125,60735.30078125,compass_local_day_vdat
2020-01-22,60339.1015625,61863.6015625,60215.5,61657.5,compass_local_day_vdat
2020-01-23,61179.80078125,62472.1015625,60108.69921875,60942.5,compass_local_day_vdat
2020-02-03,56017.40234375,57499.6015625,55619.90234375,55712.1015625,compass_local_day_vdat
2020-02-04,54701.6015625,59137.6015625,54701.6015625,59061.5,compass_local_day_vdat
2020-02-05,59411.69921875,62641.80078125,59411.69921875,62096.0,compass_local_day_vdat
2020-02-06,62106.19921875,65553.703125,62001.5,65553.703125,compass_local_day_vdat
2020-02-07,65503.30078125,67457.8046875,65494.40234375,67315.3984375,compass_local_day_vdat
2020-02-10,67120.3046875,69100.703125,67120.3046875,68670.6015625,compass_local_day_vdat
2020-02-11,68793.703125,69499.1015625,68366.703125,68438.3984375,compass_local_day_vdat
2020-02-12,68170.0,69636.3984375,68170.0,69633.0,compass_local_day_vdat
2020-02-13,69683.3046875,70955.5,69455.3046875,69480.0,compass_local_day_vdat
2020-02-14,69483.8046875,70863.5,69068.3984375,69655.5,compass_local_day_vdat
2020-02-17,70305.0,72839.5,70305.0,72839.5,compass_local_day_vdat
2020-02-18,72973.8984375,74884.5,72973.8984375,74884.5,compass_local_day_vdat
2020-02-19,74757.3046875,76455.0,74750.6015625,75175.6015625,compass_local_day_vdat
2020-02-20,75600.6015625,78167.3046875,75600.6015625,78167.3046875,compass_local_day_vdat
2020-02-21,78205.5,81349.0,78205.5,80806.3046875,compass_local_day_vdat
2020-02-24,80886.8046875,84008.1015625,80886.8046875,83884.6015625,compass_local_day_vdat
2020-02-25,82070.6015625,87280.3046875,82070.6015625,87248.203125,compass_local_day_vdat
2020-02-26,85953.703125,88583.1015625,85708.3984375,86180.1015625,compass_local_day_vdat
2020-02-27,86851.203125,88076.1015625,85942.5,86119.5,compass_local_day_vdat
2020-02-28,83105.203125,85271.6015625,82145.5,82353.0,compass_local_day_vdat
2020-03-02,84082.8984375,86455.6015625,83837.5,85766.3984375,compass_local_day_vdat
2020-03-03,87320.3984375,89999.0,86882.6015625,87530.203125,compass_local_day_vdat
2020-03-04,86907.0,88521.6015625,85947.0,87406.1015625,compass_local_day_vdat
2020-03-05,88985.203125,90216.8984375,88721.8984375,89745.203125,compass_local_day_vdat
2020-03-06,88580.0,90504.703125,88339.0,88388.8046875,compass_local_day_vdat
2020-03-09,86875.8046875,88397.5,85380.3046875,85422.8046875,compass_local_day_vdat
2020-03-10,85257.8984375,88464.6015625,84584.5,88088.3984375,compass_local_day_vdat
2020-03-11,88370.1015625,89602.0,86169.3046875,86171.3046875,compass_local_day_vdat
2020-03-12,84717.8984375,85971.5,82662.703125,83424.203125,compass_local_day_vdat
2020-03-13,79311.3984375,84251.0,79311.3984375,82702.5,compass_local_day_vdat
2020-03-16,83342.203125,83625.203125,78446.5,78721.6015625,compass_local_day_vdat
2020-03-17,80222.703125,80304.3984375,76983.6015625,78081.703125,compass_local_day_vdat
2020-03-18,78804.8984375,80068.8984375,76116.3046875,76116.3046875,compass_local_day_vdat
2020-03-19,76297.3046875,76919.3046875,74750.8046875,76297.8046875,compass_local_day_vdat
2020-03-20,77361.8984375,77768.8984375,75285.203125,75876.5,compass_local_day_vdat
2020-03-23,73611.8046875,74714.703125,71129.203125,71381.3984375,compass_local_day_vdat
2020-03-24,73049.3984375,73497.3984375,70108.6015625,71983.8046875,compass_local_day_vdat
2020-03-25,73793.703125,74708.0,73256.1015625,73330.3984375,compass_local_day_vdat
2020-03-26,72895.8046875,73778.8046875,71240.8984375,71306.6015625,compass_local_day_vdat
2020-03-27,72305.6015625,72348.0,69662.3046875,69711.1015625,compass_local_day_vdat
2020-03-30,68659.1015625,68929.203125,67279.0,67502.3046875,compass_local_day_vdat
2020-03-31,68236.8046875,68429.3046875,66223.1015625,66283.3984375,compass_local_day_vdat
2020-04-01,66269.1015625,67334.3984375,64797.30078125,64931.90234375,compass_local_day_vdat
2020-04-02,64743.30078125,65649.3046875,64445.6015625,65649.3046875,compass_local_day_vdat
2020-04-03,65442.0,66296.3046875,63990.19921875,64075.40234375,compass_local_day_vdat
2020-04-07,65570.5,66778.3984375,65497.69921875,66314.5,compass_local_day_vdat
2020-04-08,65918.5,67049.1015625,65576.5,65771.8046875,compass_local_day_vdat
2020-04-09,66180.3046875,66702.3046875,65506.30078125,65627.3046875,compass_local_day_vdat
2020-04-10,65534.40234375,66161.8046875,63631.80078125,63727.5,compass_local_day_vdat
2020-04-13,63570.30078125,63749.0,61637.80078125,61748.5,compass_local_day_vdat
2020-04-14,62241.80078125,62793.40234375,62107.30078125,62590.80078125,compass_local_day_vdat
2020-04-15,62572.1015625,63535.40234375,61962.0,61999.30078125,compass_local_day_vdat
2020-04-16,61633.40234375,62768.19921875,61633.40234375,61807.1015625,compass_local_day_vdat
2020-04-17,62446.5,63542.90234375,62248.5,62356.69921875,compass_local_day_vdat
2020-04-20,62550.19921875,63490.90234375,62449.80078125,62699.19921875,compass_local_day_vdat
2020-04-21,62331.40234375,62926.1015625,61798.90234375,62015.6015625,compass_local_day_vdat
2020-04-22,61406.19921875,62498.30078125,61389.30078125,61992.90234375,compass_local_day_vdat
2020-04-23,62222.0,62708.6015625,61365.90234375,61455.6015625,compass_local_day_vdat
2020-04-24,61443.19921875,61806.1015625,59690.0,59934.80078125,compass_local_day_vdat
2020-04-27,60236.19921875,60773.40234375,59119.30078125,59159.0,compass_local_day_vdat
2020-04-28,59201.5,59995.0,57881.1015625,59044.1015625,compass_local_day_vdat
2020-04-29,58743.1015625,59866.40234375,58134.90234375,58208.0,compass_local_day_vdat
2020-04-30,58768.19921875,60303.1015625,58767.69921875,59934.6015625,compass_local_day_vdat
2020-05-06,59567.90234375,61739.30078125,59567.90234375,61739.30078125,compass_local_day_vdat
2020-05-07,61768.40234375,62611.19921875,61369.1015625,61448.6015625,compass_local_day_vdat
2020-05-08,61940.6015625,62848.19921875,61850.40234375,62208.5,compass_local_day_vdat
2020-05-11,62700.69921875,63513.30078125,61946.0,62302.80078125,compass_local_day_vdat
2020-05-12,62198.40234375,62720.30078125,61475.30078125,61878.19921875,compass_local_day_vdat
2020-05-13,61528.30078125,62245.30078125,61379.1015625,61456.19921875,compass_local_day_vdat
2020-05-14,61063.40234375,61669.0,60293.69921875,60386.30078125,compass_local_day_vdat
2020-05-15,60864.90234375,61256.19921875,60319.30078125,60410.30078125,compass_local_day_vdat
2020-05-18,60602.90234375,61571.90234375,60226.1015625,60437.6015625,compass_local_day_vdat
2020-05-19,60978.80078125,61668.1015625,60713.1015625,60968.1015625,compass_local_day_vdat
2020-05-20,60930.5,61750.19921875,60130.30078125,60396.69921875,compass_local_day_vdat
2020-05-21,60618.6015625,60822.5,59110.90234375,59275.6015625,compass_local_day_vdat
2020-05-22,59142.19921875,59525.6015625,57737.69921875,57750.19921875,compass_local_day_vdat
2020-05-25,57627.69921875,58201.90234375,56442.40234375,56573.30078125,compass_local_day_vdat
2020-05-26,56907.69921875,57801.80078125,56875.30078125,57159.80078125,compass_local_day_vdat
2020-05-27,57186.5,57525.69921875,56117.90234375,56283.0,compass_local_day_vdat
2020-05-28,56255.0,56865.1015625,55361.80078125,55847.90234375,compass_local_day_vdat
2020-05-29,55612.5,56781.80078125,55558.30078125,55981.6015625,compass_local_day_vdat
2020-06-01,56697.5,58988.30078125,56697.5,58970.1015625,compass_local_day_vdat
2020-06-02,59226.90234375,60316.30078125,59226.90234375,59948.19921875,compass_local_day_vdat
2020-06-03,60207.90234375,61333.80078125,60159.19921875,60837.80078125,compass_local_day_vdat
2020-06-04,60960.40234375,61590.19921875,60397.69921875,60543.90234375,compass_local_day_vdat
2020-06-05,60670.30078125,61264.19921875,60165.1015625,60378.19921875,compass_local_day_vdat
2020-06-08,60927.6015625,61883.6015625,60484.0,60613.90234375,compass_local_day_vdat
2020-06-09,60711.0,61442.0,60509.80078125,60713.69921875,compass_local_day_vdat
2020-06-10,60631.5,61213.5,60327.19921875,60497.90234375,compass_local_day_vdat
2020-06-11,60434.0,61566.1015625,60433.80078125,60745.0,compass_local_day_vdat
2020-06-12,59470.40234375,61399.40234375,59470.40234375,61222.5,compass_local_day_vdat
2020-06-15,61263.6015625,62815.90234375,61263.6015625,61701.80078125,compass_local_day_vdat
2020-06-16,62439.80078125,63360.5,62388.40234375,63066.5,compass_local_day_vdat
2020-06-17,63136.90234375,64040.1015625,63115.90234375,63540.80078125,compass_local_day_vdat
2020-06-18,63552.30078125,64558.80078125,63531.1015625,64064.0,compass_local_day_vdat
2020-06-19,64080.40234375,65310.80078125,64073.80078125,65310.80078125,compass_local_day_vdat
2020-06-22,65626.1015625,67080.8984375,65626.1015625,66463.0,compass_local_day_vdat
2020-06-23,66393.3984375,67291.6015625,66282.8984375,66898.8984375,compass_local_day_vdat
2020-06-24,67051.3046875,67804.203125,66741.0,66787.3046875,compass_local_day_vdat
2020-06-29,66704.6015625,67731.203125,66260.3046875,66511.1015625,compass_local_day_vdat
2020-06-30,67028.5,68137.8984375,66977.1015625,67898.5,compass_local_day_vdat
2020-07-01,68125.3046875,69690.8046875,68125.3046875,69690.8046875,compass_local_day_vdat
2020-07-02,69684.703125,73316.8984375,69684.703125,73316.8984375,compass_local_day_vdat
2020-07-03,73786.3984375,77307.8046875,73776.0,77307.8046875,compass_local_day_vdat
2020-07-06,78626.5,86584.3046875,78626.5,86571.8046875,compass_local_day_vdat
2020-07-07,87982.5,93906.8984375,87982.5,93303.8046875,compass_local_day_vdat
2020-07-08,93480.0,99065.703125,93480.0,99065.703125,compass_local_day_vdat
2020-07-09,99094.1015625,105573.1015625,99094.1015625,105573.1015625,compass_local_day_vdat
2020-07-10,104899.8046875,108462.0,104817.6015625,107453.203125,compass_local_day_vdat
2020-07-13,108271.3046875,113727.8046875,108271.3046875,113727.8046875,compass_local_day_vdat
2020-07-14,113416.8984375,115928.3046875,112797.1015625,115044.0,compass_local_day_vdat
2020-07-15,115363.6015625,116328.3046875,113121.3046875,113305.0,compass_local_day_vdat
2020-07-16,113312.8984375,114929.3046875,107965.3984375,108386.6015625,compass_local_day_vdat
2020-07-17,108917.0,111326.3046875,107030.1015625,107440.8046875,compass_local_day_vdat
2020-07-20,109078.203125,111194.3984375,108733.5,110517.3984375,compass_local_day_vdat
2020-07-21,110878.3046875,112625.203125,109545.1015625,109706.3046875,compass_local_day_vdat
2020-07-22,109470.203125,112638.3046875,109338.3046875,109921.703125,compass_local_day_vdat
2020-07-23,108830.8046875,111005.6015625,108452.3984375,109905.6015625,compass_local_day_vdat
2020-07-24,109160.1015625,110189.703125,104744.3046875,105080.3046875,compass_local_day_vdat
2020-07-27,106029.5,106867.703125,102789.703125,103454.6015625,compass_local_day_vdat
2020-07-28,104683.5,105389.203125,101841.3984375,102515.8046875,compass_local_day_vdat
2020-07-29,101971.703125,105121.8984375,101971.703125,104492.3046875,compass_local_day_vdat
2020-07-30,104819.3046875,106126.1015625,103239.1015625,103433.1015625,compass_local_day_vdat
2020-07-31,103525.1015625,106509.3046875,103525.1015625,104642.703125,compass_local_day_vdat
2020-08-03,104669.0,108786.6015625,104669.0,108241.703125,compass_local_day_vdat
2020-08-04,108308.8046875,110158.6015625,107649.0,108038.0,compass_local_day_vdat
2020-08-05,108071.6015625,109905.703125,107871.0,108729.8046875,compass_local_day_vdat
2020-08-06,108783.3984375,109754.3984375,108079.3046875,108896.3984375,compass_local_day_vdat
2020-08-07,108369.3984375,109368.3984375,106355.3046875,107634.6015625,compass_local_day_vdat
2020-08-10,106995.203125,109005.1015625,106995.203125,107066.5,compass_local_day_vdat
2020-08-11,107092.3046875,108727.8984375,104309.0,104519.1015625,compass_local_day_vdat
2020-08-12,104095.8984375,104419.5,101435.3984375,102571.703125,compass_local_day_vdat
2020-08-13,103064.3984375,103591.3046875,100474.8046875,100521.8046875,compass_local_day_vdat
2020-08-14,100093.8984375,101701.8046875,98826.6015625,99468.8984375,compass_local_day_vdat
2020-08-17,99989.703125,102786.3046875,99989.703125,102125.3046875,compass_local_day_vdat
2020-08-18,102220.203125,103761.8984375,101762.0,102223.203125,compass_local_day_vdat
2020-08-19,101861.8984375,102427.1015625,99449.5,99614.5,compass_local_day_vdat
2020-08-20,98568.0,100150.8984375,96284.6015625,96612.8984375,compass_local_day_vdat
2020-08-21,97475.1015625,98490.703125,94848.3984375,95559.8046875,compass_local_day_vdat
2020-08-24,96167.6015625,96993.6015625,95255.6015625,95444.203125,compass_local_day_vdat
2020-08-25,95605.8046875,96699.3046875,93943.3984375,94280.203125,compass_local_day_vdat
2020-08-26,94108.1015625,95014.3984375,91609.6015625,91845.5,compass_local_day_vdat
2020-08-27,92089.3984375,92656.0,90877.6015625,91317.8046875,compass_local_day_vdat
2020-08-28,91030.0,92369.0,91030.0,92369.0,compass_local_day_vdat
2020-08-31,93570.0,95321.5,92804.3046875,92850.8046875,compass_local_day_vdat
2020-09-01,92647.5,93500.0,91687.0,92297.5,compass_local_day_vdat
2020-09-02,92551.5,93164.0,91907.0,92123.8046875,compass_local_day_vdat
2020-09-03,91881.3046875,93016.8046875,90329.703125,90723.8984375,compass_local_day_vdat
2020-09-04,88932.703125,90836.5,88932.703125,89298.5,compass_local_day_vdat
2020-09-07,89424.5,90536.8046875,87240.1015625,87811.1015625,compass_local_day_vdat
2020-09-08,88089.703125,88679.3046875,87136.203125,87942.8046875,compass_local_day_vdat
2020-09-09,86775.1015625,87935.8046875,85417.1015625,85477.6015625,compass_local_day_vdat
2020-09-10,86261.203125,86511.1015625,82376.203125,82644.6015625,compass_local_day_vdat
2020-09-11,82274.8984375,83678.203125,82017.8984375,82300.5,compass_local_day_vdat
2020-09-14,82870.8984375,84398.8984375,81906.8984375,82384.0,compass_local_day_vdat
2020-09-15,82312.1015625,83106.3984375,81320.1015625,81372.0,compass_local_day_vdat
2020-09-16,81080.8046875,81569.5,79087.0,79209.3046875,compass_local_day_vdat
2020-09-17,78888.8046875,79281.8046875,77991.5,78254.0,compass_local_day_vdat
2020-09-18,78269.3046875,79353.1015625,78191.3046875,79353.1015625,compass_local_day_vdat
2020-09-21,79799.0,80793.5,78279.1015625,78298.6015625,compass_local_day_vdat
2020-09-22,77574.3984375,78761.6015625,75937.1015625,76189.5,compass_local_day_vdat
2020-09-23,76304.703125,76843.3046875,75245.8046875,75392.8984375,compass_local_day_vdat
2020-09-24,74732.3046875,75036.1015625,72477.203125,72492.203125,compass_local_day_vdat
2020-09-25,72889.203125,73183.8046875,70581.3046875,70707.8984375,compass_local_day_vdat
2020-09-28,71009.3984375,71245.6015625,68528.5,68551.6015625,compass_local_day_vdat
2020-09-29,69027.3984375,69766.0,67688.6015625,67720.3984375,compass_local_day_vdat
2020-09-30,67934.8984375,68310.3984375,66194.703125,66358.703125,compass_local_day_vdat
2020-10-09,67857.5,69335.0,67734.5,68449.0,compass_local_day_vdat
2020-10-12,69180.6015625,72596.203125,69152.8046875,72596.203125,compass_local_day_vdat
2020-10-13,72295.8046875,73578.3046875,72263.6015625,73310.0,compass_local_day_vdat
2020-10-14,73066.8984375,74202.5,72816.8046875,73029.3046875,compass_local_day_vdat
2020-10-15,73117.0,73922.6015625,72142.3046875,72192.8046875,compass_local_day_vdat
2020-10-16,72281.203125,72856.0,71284.1015625,71526.703125,compass_local_day_vdat
2020-10-19,72158.203125,73053.3984375,70658.8984375,70800.5,compass_local_day_vdat
2020-10-20,70570.6015625,71170.3984375,70474.0,70865.703125,compass_local_day_vdat
2020-10-21,70789.203125,71231.1015625,69400.8984375,69504.703125,compass_local_day_vdat
2020-10-22,69026.3046875,69568.5,68419.1015625,68460.3984375,compass_local_day_vdat
2020-10-23,68501.6015625,69123.6015625,66614.203125,66818.1015625,compass_local_day_vdat
2020-10-26,66549.5,67907.203125,66245.703125,66475.0,compass_local_day_vdat
2020-10-27,66261.5,67265.5,65920.5,66046.5,compass_local_day_vdat
2020-10-28,66009.203125,66848.8046875,66009.203125,66607.8984375,compass_local_day_vdat
2020-10-29,65578.8984375,67725.3984375,65578.8984375,67244.3046875,compass_local_day_vdat
2020-10-30,67485.3984375,68370.8046875,66940.203125,67223.0,compass_local_day_vdat
2020-11-02,67496.6015625,69037.3046875,67431.703125,68831.0,compass_local_day_vdat
2020-11-03,69228.0,71226.6015625,69107.1015625,70493.3984375,compass_local_day_vdat
2020-11-04,70512.1015625,71519.0,70424.203125,70538.5,compass_local_day_vdat
2020-11-05,71518.3984375,72853.8984375,71461.703125,72853.8984375,compass_local_day_vdat
2020-11-06,73062.203125,73958.8046875,72783.3984375,73267.203125,compass_local_day_vdat
2020-11-09,74031.5,77760.5,74031.5,77632.8046875,compass_local_day_vdat
2020-11-10,77644.0,79364.0,77524.1015625,78118.5,compass_local_day_vdat
2020-11-11,77678.3984375,78690.203125,77029.8046875,77105.203125,compass_local_day_vdat
2020-11-12,77428.1015625,78175.6015625,76373.203125,76634.703125,compass_local_day_vdat
2020-11-13,76363.0,77249.703125,75646.703125,75939.203125,compass_local_day_vdat
2020-11-16,76010.8984375,77349.3046875,76010.8984375,76856.203125,compass_local_day_vdat
2020-11-17,76811.0,77457.8984375,76179.203125,76768.3984375,compass_local_day_vdat
2020-11-18,76721.203125,77930.5,76675.8984375,77137.8984375,compass_local_day_vdat
2020-11-19,76869.8984375,78138.5,76820.0,77240.3046875,compass_local_day_vdat
2020-11-20,77139.3984375,78297.6015625,77139.3984375,77455.203125,compass_local_day_vdat
2020-11-23,77655.203125,79988.1015625,77595.0,79490.703125,compass_local_day_vdat
2020-11-24,79322.203125,80581.703125,79246.3984375,79408.3984375,compass_local_day_vdat
2020-11-25,79602.8984375,80344.703125,78414.703125,78448.8046875,compass_local_day_vdat
2020-11-26,78382.3984375,78874.3984375,77294.5,77585.8984375,compass_local_day_vdat
2020-11-27,77601.3046875,78271.8984375,76622.203125,77305.203125,compass_local_day_vdat
2020-11-30,77527.8984375,79791.3046875,77471.5,78453.3984375,compass_local_day_vdat
2020-12-01,78303.5,80282.0,78289.203125,80282.0,compass_local_day_vdat
2020-12-02,80322.6015625,81677.6015625,80312.8984375,80754.8046875,compass_local_day_vdat
2020-12-03,80620.3046875,81434.203125,80352.8984375,80391.3046875,compass_local_day_vdat
2020-12-04,80138.203125,80918.8046875,79873.3046875,80056.3046875,compass_local_day_vdat
2020-12-07,80202.3984375,81191.1015625,79335.6015625,79408.3984375,compass_local_day_vdat
2020-12-08,79553.8984375,80234.5,78565.703125,78635.8046875,compass_local_day_vdat
2020-12-09,78737.5,79240.3984375,77070.8984375,77169.1015625,compass_local_day_vdat
2020-12-10,76930.8984375,77929.0,76585.703125,76662.0,compass_local_day_vdat
2020-12-11,76810.6015625,77242.703125,75413.3984375,76244.8984375,compass_local_day_vdat
2020-12-14,76513.3046875,77548.8984375,76398.6015625,76831.3046875,compass_local_day_vdat
2020-12-15,76597.5,77711.203125,76350.3984375,76425.0,compass_local_day_vdat
2020-12-16,76484.203125,76891.3984375,75373.3046875,75475.203125,compass_local_day_vdat
2020-12-17,75410.6015625,76760.0,75410.6015625,76583.1015625,compass_local_day_vdat
2020-12-18,76610.703125,77773.1015625,76267.3046875,76417.6015625,compass_local_day_vdat
2020-12-21,76544.703125,78769.3984375,76544.703125,78474.703125,compass_local_day_vdat
2020-12-22,78095.203125,79541.8984375,77849.1015625,78053.3046875,compass_local_day_vdat
2020-12-23,78301.5,80322.0,78301.5,79892.1015625,compass_local_day_vdat
2020-12-24,79651.3046875,80939.8984375,78884.203125,78937.203125,compass_local_day_vdat
2020-12-25,78510.5,79966.703125,78510.5,79519.6015625,compass_local_day_vdat
2020-12-28,79664.8046875,81223.6015625,79664.8046875,79999.3046875,compass_local_day_vdat
2020-12-29,79985.203125,81107.8046875,79083.3984375,79121.703125,compass_local_day_vdat
2020-12-30,79149.0,81211.8984375,79149.0,80441.8984375,compass_local_day_vdat
2020-12-31,80799.0,83248.5,80799.0,82864.203125,compass_local_day_vdat
2021-01-04,83335.6015625,87329.0,83335.6015625,87262.3046875,compass_local_day_vdat
2021-01-05,86844.8046875,90883.3984375,86844.8046875,90883.3984375,compass_local_day_vdat
2021-01-06,91219.1015625,93064.0,91219.1015625,92445.3046875,compass_local_day_vdat
2021-01-07,92283.5,94717.703125,92283.5,94717.703125,compass_local_day_vdat
2021-01-08,94956.8984375,96952.8984375,94739.8984375,95593.8046875,compass_local_day_vdat
2021-01-11,95771.3046875,98061.1015625,95158.3984375,95634.6015625,compass_local_day_vdat
2021-01-12,95269.5,98398.3984375,95269.5,98397.6015625,compass_local_day_vdat
2021-01-13,98463.8046875,100704.203125,98463.8046875,99184.3046875,compass_local_day_vdat
2021-01-14,98567.3046875,100604.8984375,98033.5,98233.5,compass_local_day_vdat
2021-01-15,98129.8046875,99948.3046875,97668.203125,98474.3984375,compass_local_day_vdat
2021-01-18,98199.3046875,100867.703125,98199.3046875,99987.1015625,compass_local_day_vdat
2021-01-19,100101.203125,101390.203125,98505.0,98860.0,compass_local_day_vdat
2021-01-20,98953.1015625,100796.8984375,98879.703125,99148.1015625,compass_local_day_vdat
2021-01-21,99398.6015625,101991.8046875,99398.6015625,101078.0,compass_local_day_vdat
2021-01-22,101097.5,102428.1015625,101097.5,101841.1015625,compass_local_day_vdat
2021-01-25,101825.1015625,104562.6015625,101825.1015625,103129.203125,compass_local_day_vdat
2021-01-26,102353.3046875,103808.8046875,100556.5,100605.8046875,compass_local_day_vdat
2021-01-27,100672.1015625,101365.3046875,99646.3046875,99912.5,compass_local_day_vdat
2021-01-28,98324.8046875,99962.5,96005.203125,96216.703125,compass_local_day_vdat
2021-01-29,96227.6015625,97429.0,93315.703125,94705.203125,compass_local_day_vdat
2021-02-01,94684.6015625,96380.0,94428.1015625,94540.1015625,compass_local_day_vdat
2021-02-02,95055.0,96306.703125,94933.703125,95405.203125,compass_local_day_vdat
2021-02-03,95253.8046875,96574.3984375,94140.8046875,94258.703125,compass_local_day_vdat
2021-02-04,93593.6015625,95048.8046875,92365.5,92932.1015625,compass_local_day_vdat
2021-02-05,93451.8984375,94417.703125,91098.1015625,91141.5,compass_local_day_vdat
2021-02-08,91696.203125,93234.8984375,91267.0,91428.3046875,compass_local_day_vdat
2021-02-09,91990.8046875,93998.5,91990.8046875,93308.5,compass_local_day_vdat
2021-02-10,93593.0,94931.0,93593.0,94145.0,compass_local_day_vdat
2021-02-18,96546.5,97626.3984375,95663.8046875,95855.0,compass_local_day_vdat
2021-02-19,95366.703125,97435.703125,95366.703125,97340.8046875,compass_local_day_vdat
2021-02-22,97636.3984375,100505.3046875,97576.8046875,98327.203125,compass_local_day_vdat
2021-02-23,97548.8046875,99915.8984375,97548.8046875,98064.1015625,compass_local_day_vdat
2021-02-24,98143.1015625,99132.5,95720.703125,96647.203125,compass_local_day_vdat
2021-02-25,97879.703125,98396.3984375,95802.5,96076.3984375,compass_local_day_vdat
2021-02-26,93766.8046875,96533.0,93660.0,93788.6015625,compass_local_day_vdat
2021-03-01,94882.3984375,96638.1015625,94882.3984375,95473.6015625,compass_local_day_vdat
2021-03-02,95999.3984375,96823.203125,93915.3046875,94225.703125,compass_local_day_vdat
2021-03-03,93918.8984375,95591.8984375,93918.8984375,95048.5,compass_local_day_vdat
2021-03-04,93985.203125,95053.203125,92129.3984375,92561.8046875,compass_local_day_vdat
2021-03-05,91223.8046875,93848.6015625,91223.8046875,91876.0,compass_local_day_vdat
2021-03-08,92793.8046875,94047.703125,89480.0,89547.5,compass_local_day_vdat
2021-03-09,89360.203125,90956.8046875,87356.3984375,87810.5,compass_local_day_vdat
2021-03-10,89122.3984375,89775.1015625,86629.6015625,86767.8984375,compass_local_day_vdat
2021-03-11,86994.5,89548.3984375,86935.1015625,88421.6015625,compass_local_day_vdat
2021-03-12,88740.3984375,89178.0,87719.3984375,88029.0,compass_local_day_vdat
2021-03-15,87365.8046875,88736.3984375,85459.3046875,86061.3984375,compass_local_day_vdat
2021-03-16,86225.703125,87225.0,85163.3984375,85477.3984375,compass_local_day_vdat
2021-03-17,84905.3984375,86904.5,84780.8984375,84878.3984375,compass_local_day_vdat
2021-03-18,85073.6015625,86265.1015625,84372.8984375,84408.703125,compass_local_day_vdat
2021-03-19,82963.203125,84421.703125,82052.203125,82365.1015625,compass_local_day_vdat
2021-03-22,82581.8984375,84329.703125,82505.1015625,82885.6015625,compass_local_day_vdat
2021-03-23,82870.8046875,83330.203125,80747.1015625,81094.8984375,compass_local_day_vdat
2021-03-24,80466.703125,81497.8984375,79213.3046875,79284.1015625,compass_local_day_vdat
2021-03-25,78942.3984375,80419.0,78073.6015625,78090.8984375,compass_local_day_vdat
2021-03-26,78502.3046875,79977.5,78502.3046875,79388.0,compass_local_day_vdat
2021-03-29,79697.6015625,81143.8984375,79090.3046875,79175.8984375,compass_local_day_vdat
2021-03-30,78886.0,80269.203125,78813.3046875,79015.1015625,compass_local_day_vdat
2021-03-31,78989.703125,79380.8046875,77666.1015625,77714.3984375,compass_local_day_vdat
2021-04-01,77735.8984375,78819.3984375,77357.0,77391.203125,compass_local_day_vdat
2021-04-02,77654.6015625,78837.0,77225.5,77406.8984375,compass_local_day_vdat
2021-04-06,77800.6015625,78650.5,76682.0,76719.3046875,compass_local_day_vdat
2021-04-07,76747.203125,77337.6015625,76310.1015625,76483.1015625,compass_local_day_vdat
2021-04-08,76130.3984375,77309.703125,76013.8046875,76065.203125,compass_local_day_vdat
2021-04-09,75811.1015625,76532.8046875,74813.203125,74905.8984375,compass_local_day_vdat
2021-04-12,74855.703125,75648.3984375,73368.203125,73670.703125,compass_local_day_vdat
2021-04-13,73588.703125,74790.5,72578.5,72761.703125,compass_local_day_vdat
2021-04-14,72866.8046875,73968.3984375,72865.3046875,73039.5,compass_local_day_vdat
2021-04-15,72754.8984375,73367.8984375,72021.8046875,72133.1015625,compass_local_day_vdat
2021-04-16,72314.203125,73128.203125,72314.203125,72424.8984375,compass_local_day_vdat
2021-04-19,72438.203125,75136.3046875,72398.6015625,75070.703125,compass_local_day_vdat
2021-04-20,74829.1015625,76646.3984375,74829.1015625,75547.703125,compass_local_day_vdat
2021-04-21,75173.8046875,76383.0,75173.8046875,75398.6015625,compass_local_day_vdat
2021-04-22,75873.1015625,76693.6015625,75349.703125,75531.8046875,compass_local_day_vdat
2021-04-23,75481.703125,76926.0,75481.203125,75812.1015625,compass_local_day_vdat
2021-04-26,76144.5,78165.5,76144.5,76509.703125,compass_local_day_vdat
2021-04-27,76442.1015625,77102.3984375,76089.6015625,76302.3046875,compass_local_day_vdat
2021-04-28,76133.8046875,77869.6015625,76071.6015625,77156.1015625,compass_local_day_vdat
2021-04-29,77217.703125,78534.5,77177.203125,77478.3046875,compass_local_day_vdat
2021-04-30,77409.3046875,78930.8984375,77409.3046875,78159.8984375,compass_local_day_vdat
2021-05-06,78315.0,79947.6015625,78315.0,78749.0,compass_local_day_vdat
2021-05-07,79053.703125,80098.703125,78360.8984375,78408.1015625,compass_local_day_vdat
2021-05-10,78718.0,80326.8984375,78675.5,79594.5,compass_local_day_vdat
2021-05-11,79034.0,80423.8984375,79034.0,79842.6015625,compass_local_day_vdat
2021-05-12,79555.3984375,80971.5,79555.3984375,80319.5,compass_local_day_vdat
2021-05-13,79423.0,80968.703125,79046.3046875,79206.8984375,compass_local_day_vdat
2021-05-14,79661.3984375,81265.203125,79640.5,81196.1015625,compass_local_day_vdat
2021-05-17,81225.5,83674.203125,81225.5,82559.703125,compass_local_day_vdat
2021-05-18,82573.203125,83517.8984375,82007.8046875,82127.3984375,compass_local_day_vdat
2021-05-19,81759.8984375,83233.8984375,81726.0,81782.3984375,compass_local_day_vdat
2021-05-20,81542.703125,82657.8046875,81404.1015625,81535.8046875,compass_local_day_vdat
2021-05-21,81710.703125,82387.3046875,80905.8984375,81034.203125,compass_local_day_vdat
2021-05-24,81107.703125,82203.203125,81050.5,81402.8046875,compass_local_day_vdat
2021-05-25,81666.703125,84346.5,81666.703125,84346.5,compass_local_day_vdat
2021-05-26,84404.3984375,86430.6015625,84404.3984375,85244.3046875,compass_local_day_vdat
2021-05-27,84927.203125,86930.3046875,84927.203125,86102.203125,compass_local_day_vdat
2021-05-28,86466.8984375,88102.1015625,86427.8046875,87066.5,compass_local_day_vdat
2021-05-31,87500.0,89387.0,87500.0,89169.6015625,compass_local_day_vdat
2021-06-01,88910.3984375,90647.203125,88836.3046875,90331.5,compass_local_day_vdat
2021-06-02,90403.1015625,91582.8046875,89552.3046875,89614.703125,compass_local_day_vdat
2021-06-03,89433.8984375,90852.6015625,89080.3046875,89120.0,compass_local_day_vdat
2021-06-04,88817.703125,90800.8984375,88817.703125,89629.203125,compass_local_day_vdat
2021-06-07,89996.8046875,91467.3046875,89983.1015625,90257.5,compass_local_day_vdat
2021-06-08,90136.703125,91602.0,89454.8984375,89661.8984375,compass_local_day_vdat
2021-06-09,89567.3046875,90721.203125,89123.703125,89349.8984375,compass_local_day_vdat
2021-06-10,89341.8046875,91469.703125,89341.8046875,90757.5,compass_local_day_vdat
2021-06-11,90958.8046875,92325.703125,90946.703125,91561.1015625,compass_local_day_vdat
2021-06-15,92236.3046875,93383.8984375,91586.8984375,91732.3046875,compass_local_day_vdat
2021-06-16,91593.5,92443.3984375,89357.8046875,89483.703125,compass_local_day_vdat
2021-06-17,89394.5,91382.203125,89394.5,90363.3046875,compass_local_day_vdat
2021-06-18,90421.0,92405.3046875,90323.3046875,91806.1015625,compass_local_day_vdat
2021-06-21,91559.0,94299.8984375,91559.0,93033.6015625,compass_local_day_vdat
2021-06-22,93706.3046875,94834.3984375,93529.203125,93961.0,compass_local_day_vdat
2021-06-23,93867.203125,95873.703125,93830.3984375,95104.8046875,compass_local_day_vdat
2021-06-24,95048.0,96119.703125,94038.5,94188.5,compass_local_day_vdat
2021-06-25,94602.8984375,96211.203125,94602.8984375,95775.1015625,compass_local_day_vdat
2021-06-28,95772.3046875,97832.0,95772.3046875,96478.8984375,compass_local_day_vdat
2021-06-29,96589.6015625,97571.8984375,95384.3984375,95518.703125,compass_local_day_vdat
2021-06-30,95728.3984375,97270.203125,95728.3984375,96002.8046875,compass_local_day_vdat
2021-07-01,96228.6015625,96870.5,94215.703125,94514.5,compass_local_day_vdat
2021-07-02,94139.8046875,95471.6015625,93305.5,93524.5,compass_local_day_vdat
2021-07-05,93741.1015625,95526.5,93735.703125,94836.0,compass_local_day_vdat
2021-07-06,95005.703125,96697.3046875,94044.1015625,95314.8984375,compass_local_day_vdat
2021-07-07,95282.0,97470.8984375,94429.1015625,97158.8984375,compass_local_day_vdat
2021-07-08,97531.6015625,99721.203125,97531.6015625,98242.5,compass_local_day_vdat
2021-07-09,97696.8046875,99625.3046875,97696.8046875,99241.1015625,compass_local_day_vdat
2021-07-12,100263.8984375,103712.8984375,100180.3046875,102921.8046875,compass_local_day_vdat
2021-07-13,102776.5,105040.703125,102776.5,103986.703125,compass_local_day_vdat
2021-07-14,103977.203125,104823.0,103030.203125,103078.5,compass_local_day_vdat
2021-07-15,102612.3046875,104365.0,102612.3046875,104171.703125,compass_local_day_vdat
2021-07-16,104244.6015625,106599.8984375,104068.0,104176.1015625,compass_local_day_vdat
2021-07-19,104136.8984375,106040.3046875,103743.8046875,103938.3984375,compass_local_day_vdat
2021-07-20,103074.0,105102.203125,103074.0,103468.203125,compass_local_day_vdat
2021-07-21,104157.8984375,106786.8046875,104157.8984375,106214.8984375,compass_local_day_vdat
2021-07-22,106597.3984375,108425.8046875,106597.3984375,108083.8046875,compass_local_day_vdat
2021-07-23,108197.6015625,110438.3984375,108152.3984375,108727.3984375,compass_local_day_vdat
2021-07-26,108490.3046875,110123.5,106584.703125,108787.6015625,compass_local_day_vdat
2021-07-27,108922.3984375,111476.3984375,107315.3046875,107722.8984375,compass_local_day_vdat
2021-07-28,106762.8984375,110046.5,104781.1015625,106868.5,compass_local_day_vdat
2021-07-29,109284.703125,111609.203125,109199.8046875,111161.5,compass_local_day_vdat
2021-07-30,110963.5,113738.6015625,110898.8984375,112466.1015625,compass_local_day_vdat
2021-08-02,112625.3046875,116572.0,112483.703125,116518.3984375,compass_local_day_vdat
2021-08-03,116494.3046875,118006.8984375,115056.703125,115523.1015625,compass_local_day_vdat
2021-08-04,115467.3984375,118780.8984375,115467.3984375,118324.1015625,compass_local_day_vdat
2021-08-05,117546.3046875,119815.203125,117307.8046875,117422.3046875,compass_local_day_vdat
2021-08-06,118043.0,119571.203125,116581.3984375,117051.0,compass_local_day_vdat
2021-08-09,116300.8984375,118187.6015625,116195.3046875,117013.5,compass_local_day_vdat
2021-08-10,116962.203125,119013.5,116645.5,118148.0,compass_local_day_vdat
2021-08-11,118194.8984375,120001.8984375,117977.203125,118607.203125,compass_local_day_vdat
2021-08-12,118166.3984375,120447.3984375,118140.3984375,118648.3984375,compass_local_day_vdat
2021-08-13,118075.0,120895.5,117835.3984375,117942.203125,compass_local_day_vdat
2021-08-16,117959.8046875,119442.5,116472.1015625,116545.8046875,compass_local_day_vdat
2021-08-17,116453.5,117667.203125,113204.3046875,113673.1015625,compass_local_day_vdat
2021-08-18,114044.8984375,116167.1015625,113796.1015625,114309.5,compass_local_day_vdat
2021-08-19,114141.0,115971.3984375,114021.203125,114456.0,compass_local_day_vdat
2021-08-20,113615.3046875,115795.3984375,112815.8984375,113928.703125,compass_local_day_vdat
2021-08-23,114592.3046875,117798.203125,114592.3046875,116993.3046875,compass_local_day_vdat
2021-08-24,117093.3984375,120191.1015625,117093.3984375,118815.3046875,compass_local_day_vdat
2021-08-25,118865.0,120338.3046875,118865.0,119767.6015625,compass_local_day_vdat
2021-08-26,119669.703125,121363.8046875,118613.3984375,118787.8984375,compass_local_day_vdat
2021-08-27,118593.8984375,121026.3046875,118593.8984375,119706.3046875,compass_local_day_vdat
2021-08-30,120241.703125,123833.8984375,120241.703125,122302.1015625,compass_local_day_vdat
2021-08-31,121996.3984375,123812.0,121885.703125,123495.8046875,compass_local_day_vdat
2021-09-01,123926.6015625,126192.0,123225.203125,124446.1015625,compass_local_day_vdat
2021-09-02,124265.3984375,127489.6015625,124265.3984375,126626.5,compass_local_day_vdat
2021-09-03,126700.0,129612.703125,125654.0,126282.1015625,compass_local_day_vdat
2021-09-06,126524.3984375,129012.5,126478.1015625,128113.8046875,compass_local_day_vdat
2021-09-07,128066.3984375,130666.1015625,127980.203125,130425.703125,compass_local_day_vdat
2021-09-08,130331.3046875,132900.90625,130331.3046875,130831.8046875,compass_local_day_vdat
2021-09-09,130629.5,132644.609375,130620.0,131227.5,compass_local_day_vdat
2021-09-10,131101.703125,133991.609375,131068.203125,132400.796875,compass_local_day_vdat
2021-09-13,132540.109375,134321.40625,132540.109375,132929.703125,compass_local_day_vdat
2021-09-14,132500.5,135224.0,131726.40625,132008.5,compass_local_day_vdat
2021-09-15,131716.296875,133745.90625,131348.90625,131617.0,compass_local_day_vdat
2021-09-16,131867.609375,133358.90625,128437.8046875,128536.1015625,compass_local_day_vdat
2021-09-17,128292.0,130253.8046875,126697.6015625,127706.8984375,compass_local_day_vdat
2021-09-22,126040.3046875,128788.203125,126040.3046875,126643.0,compass_local_day_vdat
2021-09-23,128091.6015625,129457.6015625,126348.3984375,126480.8984375,compass_local_day_vdat
2021-09-24,126187.3046875,127529.203125,123597.8046875,123795.3984375,compass_local_day_vdat
2021-09-27,123822.8984375,124722.8984375,120776.703125,120781.0,compass_local_day_vdat
2021-09-28,120534.5,122123.0,118995.703125,119075.6015625,compass_local_day_vdat
2021-09-29,117817.203125,118728.8984375,114085.8984375,114085.8984375,compass_local_day_vdat
2021-09-30,115105.703125,116813.8984375,114625.6015625,114707.8046875,compass_local_day_vdat
2021-10-08,116451.8046875,116799.1015625,113493.1015625,113586.6015625,compass_local_day_vdat
2021-10-11,113774.8046875,114893.1015625,111271.0,111507.5,compass_local_day_vdat
2021-10-12,110825.703125,111573.8984375,107186.5,108040.0,compass_local_day_vdat
2021-10-13,107629.703125,108251.6015625,106964.703125,107004.0,compass_local_day_vdat
2021-10-14,106972.1015625,107837.6015625,105397.8046875,105399.203125,compass_local_day_vdat
2021-10-15,105233.5,106497.8046875,104735.8984375,104785.3046875,compass_local_day_vdat
2021-10-18,104695.0,106268.703125,104695.0,105064.8984375,compass_local_day_vdat
2021-10-19,105250.3046875,107188.703125,105195.8984375,105303.0,compass_local_day_vdat
2021-10-20,104682.6015625,106670.0,104682.6015625,104811.1015625,compass_local_day_vdat
2021-10-21,104905.3046875,106209.203125,103708.203125,103911.6015625,compass_local_day_vdat
2021-10-22,104048.3984375,105221.703125,102346.8046875,102402.8984375,compass_local_day_vdat
2021-10-25,102381.203125,104490.5,102376.8984375,103478.8046875,compass_local_day_vdat
2021-10-26,103855.6015625,105631.6015625,103044.5,103124.8046875,compass_local_day_vdat
2021-10-27,102712.703125,104186.703125,102145.0,102393.3984375,compass_local_day_vdat
2021-10-28,101898.203125,103023.6015625,100218.5,100607.8046875,compass_local_day_vdat
2021-10-29,100756.6015625,102728.3046875,100756.6015625,102687.0,compass_local_day_vdat
2021-11-01,102306.3046875,105422.1015625,102306.3046875,104158.8046875,compass_local_day_vdat
2021-11-02,104194.1015625,106037.0,103452.3046875,104173.3046875,compass_local_day_vdat
2021-11-03,104070.0,105540.0,103166.1015625,103401.3046875,compass_local_day_vdat
2021-11-04,103884.703125,105729.0,103839.1015625,104588.6015625,compass_local_day_vdat
2021-11-05,104326.3984375,106087.6015625,103291.1015625,103339.0,compass_local_day_vdat
2021-11-08,103223.5,105261.3046875,103223.5,103574.203125,compass_local_day_vdat
2021-11-09,103864.203125,105046.6015625,103518.203125,103671.6015625,compass_local_day_vdat
2021-11-10,103101.0,104193.5,102699.1015625,103263.6015625,compass_local_day_vdat
2021-11-11,103051.8046875,105022.203125,103051.8046875,104310.5,compass_local_day_vdat
2021-11-12,104400.0,106061.203125,104400.0,104794.6015625,compass_local_day_vdat
2021-11-15,104924.8046875,106132.703125,104182.8984375,104322.1015625,compass_local_day_vdat
2021-11-16,104027.203125,105577.703125,103168.203125,103388.703125,compass_local_day_vdat
2021-11-17,103690.3984375,105626.0,103690.3984375,104369.5,compass_local_day_vdat
2021-11-18,104167.0,105332.203125,103820.5,103860.3046875,compass_local_day_vdat
2021-11-19,103791.0,105284.5,103791.0,104973.203125,compass_local_day_vdat
2021-11-22,105078.0,108081.0,105078.0,107553.8984375,compass_local_day_vdat
2021-11-23,107474.703125,109468.6015625,107474.703125,108005.8984375,compass_local_day_vdat
2021-11-24,108009.5,109433.203125,107928.203125,108091.0,compass_local_day_vdat
2021-11-25,108125.3984375,109250.8984375,107156.3984375,107246.3984375,compass_local_day_vdat
2021-11-26,106930.1015625,108717.1015625,106707.3046875,106736.6015625,compass_local_day_vdat
2021-11-29,105339.1015625,108762.8984375,105339.1015625,107544.0,compass_local_day_vdat
2021-11-30,108196.703125,109684.8046875,107440.1015625,108158.0,compass_local_day_vdat
2021-12-01,108005.8984375,109484.703125,107985.8046875,108180.1015625,compass_local_day_vdat
2021-12-02,107979.0,109375.203125,107149.5,107252.8046875,compass_local_day_vdat
2021-12-03,107457.5,108920.0,107457.5,108037.8984375,compass_local_day_vdat
2021-12-06,108149.0,109929.0,107115.8984375,107278.203125,compass_local_day_vdat
2021-12-07,108043.8046875,108549.3046875,106343.5,106916.8046875,compass_local_day_vdat
2021-12-08,107375.0,109469.1015625,107312.3984375,108631.8046875,compass_local_day_vdat
2021-12-09,108844.703125,111149.8984375,108844.703125,110407.6015625,compass_local_day_vdat
2021-12-10,109737.203125,111993.0,109737.203125,111277.5,compass_local_day_vdat
2021-12-13,111985.6015625,114343.203125,111981.3046875,112898.703125,compass_local_day_vdat
2021-12-14,112457.3046875,113995.6015625,111969.8984375,112161.8984375,compass_local_day_vdat
2021-12-15,112001.1015625,113508.8984375,111084.703125,111308.6015625,compass_local_day_vdat
2021-12-16,111666.6015625,113041.703125,111377.203125,111606.0,compass_local_day_vdat
2021-12-17,111500.703125,112459.1015625,109844.1015625,109963.8046875,compass_local_day_vdat
2021-12-20,109633.0,110893.8984375,107790.703125,107884.6015625,compass_local_day_vdat
2021-12-21,107990.6015625,109462.203125,107791.5,107926.6015625,compass_local_day_vdat
2021-12-22,108288.6015625,109709.3984375,107605.703125,107670.5,compass_local_day_vdat
2021-12-23,107818.703125,109073.8046875,107404.3046875,107518.6015625,compass_local_day_vdat
2021-12-24,107633.0,108284.5,105709.3984375,105731.3046875,compass_local_day_vdat
2021-12-27,105787.6015625,107390.3984375,104567.203125,104758.3046875,compass_local_day_vdat
2021-12-28,105022.8984375,106075.8984375,104450.3984375,104751.8046875,compass_local_day_vdat
2021-12-29,104692.703125,105819.8984375,103430.703125,103461.5,compass_local_day_vdat
2021-12-30,103603.6015625,105563.703125,103603.6015625,103848.703125,compass_local_day_vdat
2021-12-31,104374.8984375,105759.8046875,104119.5,104224.3984375,compass_local_day_vdat
2022-01-04,104845.8046875,106152.1015625,104845.8046875,105566.8984375,compass_local_day_vdat
2022-01-05,105385.3984375,106302.203125,104919.3984375,105196.6015625,compass_local_day_vdat
2022-01-06,104475.3984375,106632.8046875,104475.3984375,105759.203125,compass_local_day_vdat
2022-01-07,105828.203125,107051.3046875,104764.8984375,104910.1015625,compass_local_day_vdat
2022-01-10,104886.3046875,107006.5,104636.1015625,105097.8984375,compass_local_day_vdat
2022-01-11,105090.8046875,106230.1015625,103538.8984375,103752.203125,compass_local_day_vdat
2022-01-12,104293.6015625,105971.8984375,104293.6015625,104956.1015625,compass_local_day_vdat
2022-01-13,105045.203125,106029.5,103236.8984375,103265.6015625,compass_local_day_vdat
2022-01-14,102865.203125,105106.3984375,102865.203125,103500.1015625,compass_local_day_vdat
2022-01-17,103485.1015625,105963.0,103485.1015625,104904.203125,compass_local_day_vdat
2022-01-18,104886.6015625,106622.203125,104655.8046875,104839.3984375,compass_local_day_vdat
2022-01-19,104571.3046875,106196.6015625,103568.203125,103817.8046875,compass_local_day_vdat
2022-01-20,103898.8046875,104838.3984375,102570.0,102696.5,compass_local_day_vdat
2022-01-21,102273.8046875,103522.3046875,100351.203125,100459.703125,compass_local_day_vdat
2022-01-24,99734.8984375,101369.0,99281.6015625,99373.8984375,compass_local_day_vdat
2022-01-25,98980.203125,99631.6015625,95235.8984375,95282.5,compass_local_day_vdat
2022-01-26,96029.703125,96726.8984375,94115.1015625,94374.203125,compass_local_day_vdat
2022-01-27,94301.5,94634.203125,90572.703125,90653.203125,compass_local_day_vdat
2022-01-28,91471.0,91826.8046875,89528.5,89683.0,compass_local_day_vdat
2022-02-07,91376.3984375,92608.203125,89989.3046875,90234.703125,compass_local_day_vdat
2022-02-08,89975.5,91181.3984375,89201.3984375,90473.6015625,compass_local_day_vdat
2022-02-09,90384.3984375,92426.203125,90363.203125,92008.8046875,compass_local_day_vdat
2022-02-10,91998.703125,93259.0,91332.3046875,91690.3984375,compass_local_day_vdat
2022-02-11,91046.0,92772.6015625,90425.5,90612.3984375,compass_local_day_vdat
2022-02-14,89984.3984375,92254.8046875,89221.703125,89633.8984375,compass_local_day_vdat
2022-02-15,89799.3984375,91262.0,89487.5,89849.703125,compass_local_day_vdat
2022-02-16,90579.8984375,91842.8046875,89389.1015625,89554.8046875,compass_local_day_vdat
2022-02-17,89193.6015625,90802.3984375,89193.6015625,89472.203125,compass_local_day_vdat
2022-02-18,88786.3984375,90512.1015625,88786.3984375,89012.5,compass_local_day_vdat
2022-02-21,89190.3984375,90414.703125,89190.3984375,89516.6015625,compass_local_day_vdat
2022-02-22,88949.0,90257.8984375,88746.0,89124.6015625,compass_local_day_vdat
2022-02-23,89440.1015625,91576.8046875,89440.1015625,91320.6015625,compass_local_day_vdat
2022-02-24,90644.8984375,92806.1015625,90638.3984375,92364.6015625,compass_local_day_vdat
2022-02-25,93513.3984375,95834.203125,93399.3984375,93561.3984375,compass_local_day_vdat
2022-02-28,93586.0,95064.3984375,93490.3984375,93823.203125,compass_local_day_vdat
2022-03-01,93874.6015625,95505.8984375,93874.6015625,94102.3046875,compass_local_day_vdat
2022-03-02,93627.6015625,94802.8046875,93246.703125,93284.0,compass_local_day_vdat
2022-03-03,93720.6015625,94615.0,92809.3984375,92933.1015625,compass_local_day_vdat
2022-03-04,92175.3984375,94186.1015625,91555.203125,91884.6015625,compass_local_day_vdat
2022-03-07,91603.1015625,92835.0,90218.3046875,90745.3046875,compass_local_day_vdat
2022-03-08,90734.1015625,91726.8984375,89056.1015625,89295.8984375,compass_local_day_vdat
2022-03-09,89758.5,90801.8984375,86054.8046875,90398.5,compass_local_day_vdat
2022-03-10,92575.6015625,94673.703125,92458.8046875,92886.0,compass_local_day_vdat
2022-03-11,91364.6015625,93997.1015625,91321.203125,93869.8046875,compass_local_day_vdat
2022-03-14,92912.8984375,94931.8046875,91033.8046875,91042.0,compass_local_day_vdat
2022-03-15,89790.6015625,92561.3984375,88249.6015625,88266.3046875,compass_local_day_vdat
2022-03-16,89926.0,93576.3046875,88019.3984375,93421.5,compass_local_day_vdat
2022-03-17,94817.3984375,98785.703125,94749.3984375,96820.703125,compass_local_day_vdat
2022-03-18,96141.0,97870.8046875,96141.0,97144.1015625,compass_local_day_vdat
2022-03-21,97295.3984375,99522.6015625,97295.3984375,97661.203125,compass_local_day_vdat
2022-03-22,97360.0,98515.6015625,96078.703125,96388.203125,compass_local_day_vdat
2022-03-23,96629.203125,97800.3984375,95701.8046875,95767.1015625,compass_local_day_vdat
2022-03-24,95261.8046875,96150.0,94124.203125,94238.203125,compass_local_day_vdat
2022-03-25,94238.5,95249.5,92048.6015625,92057.8046875,compass_local_day_vdat
2022-03-28,91425.5,93156.203125,90394.0,90754.8046875,compass_local_day_vdat
2022-03-29,91090.6015625,92056.0,89128.6015625,89390.5,compass_local_day_vdat
2022-03-30,89816.3046875,91402.3046875,89800.6015625,91196.8984375,compass_local_day_vdat
2022-03-31,90956.3984375,92305.1015625,90287.6015625,90349.203125,compass_local_day_vdat
2022-04-01,89618.3046875,91776.6015625,89618.3046875,90240.0,compass_local_day_vdat
2022-04-06,90294.6015625,91445.703125,89964.203125,90349.203125,compass_local_day_vdat
2022-04-07,89719.703125,90986.8984375,88208.8046875,88237.0,compass_local_day_vdat
2022-04-08,88435.3984375,89359.8984375,87732.8046875,87913.8984375,compass_local_day_vdat
2022-04-11,87220.3984375,87840.5,85116.6015625,85557.8046875,compass_local_day_vdat
2022-04-12,85537.3984375,86867.3046875,84927.6015625,86867.3046875,compass_local_day_vdat
2022-04-13,86088.8046875,86974.6015625,85000.8046875,85000.8046875,compass_local_day_vdat
2022-04-14,85578.3046875,87062.5,85536.8046875,85954.0,compass_local_day_vdat
2022-04-15,85387.0,86550.3046875,84625.703125,84877.8984375,compass_local_day_vdat
2022-04-18,83980.5,86050.5,83865.1015625,84165.8046875,compass_local_day_vdat
2022-04-19,84207.3046875,85456.3984375,83327.8984375,83634.5,compass_local_day_vdat
2022-04-20,83388.5,83948.6015625,81284.1015625,81547.5,compass_local_day_vdat
2022-04-21,81228.8046875,82240.1015625,78714.6015625,79082.3046875,compass_local_day_vdat
2022-04-22,78444.8984375,80177.3984375,77892.8046875,78050.1015625,compass_local_day_vdat
2022-04-25,76440.3046875,77335.203125,74042.1015625,74068.3046875,compass_local_day_vdat
2022-04-26,74444.6015625,76002.3046875,72771.5,73087.8046875,compass_local_day_vdat
2022-04-27,72302.8046875,77167.5,72295.1015625,77163.203125,compass_local_day_vdat
2022-04-28,76583.3046875,79019.703125,76583.3046875,77269.3984375,compass_local_day_vdat
2022-04-29,77919.8984375,81394.8046875,77821.5,81370.8984375,compass_local_day_vdat
2022-05-05,81233.3984375,83996.1015625,81233.3984375,82728.3046875,compass_local_day_vdat
2022-05-06,80730.203125,82856.8046875,80441.8984375,80483.3984375,compass_local_day_vdat
2022-05-09,80355.1015625,82026.203125,79655.8984375,79745.3046875,compass_local_day_vdat
2022-05-10,78606.3984375,81887.0,78584.703125,81092.8046875,compass_local_day_vdat
2022-05-11,81410.1015625,85102.1015625,81410.1015625,83471.203125,compass_local_day_vdat
2022-05-12,83344.6015625,84815.3984375,82597.203125,82938.6015625,compass_local_day_vdat
2022-05-13,83562.3046875,84244.0,82357.203125,82505.3046875,compass_local_day_vdat
2022-05-16,83271.703125,84205.5,81710.1015625,81804.3046875,compass_local_day_vdat
2022-05-17,81783.703125,82515.3984375,81507.3984375,81679.703125,compass_local_day_vdat
2022-05-18,81766.8046875,82922.703125,80977.3046875,81063.8046875,compass_local_day_vdat
2022-05-19,79762.8046875,81820.8046875,79762.8046875,81411.8984375,compass_local_day_vdat
2022-05-20,81993.3046875,83400.0,81993.3046875,83069.203125,compass_local_day_vdat
2022-05-23,83405.1015625,84555.5,83405.1015625,83715.203125,compass_local_day_vdat
2022-05-24,83675.3984375,84545.203125,81490.3046875,81509.5,compass_local_day_vdat
2022-05-25,81469.1015625,82975.1015625,81469.1015625,81953.703125,compass_local_day_vdat
2022-05-26,81890.3984375,83309.3984375,81651.5,82072.0,compass_local_day_vdat
2022-05-27,82653.6015625,83861.203125,81468.3046875,81866.6015625,compass_local_day_vdat
2022-05-30,82284.5,83378.5,81921.5,82195.3046875,compass_local_day_vdat
2022-05-31,82179.5,83723.1015625,82139.8984375,83723.1015625,compass_local_day_vdat
2022-06-01,83338.0,85103.5,83338.0,83952.3984375,compass_local_day_vdat
2022-06-02,83866.6015625,85229.6015625,83466.6015625,84632.203125,compass_local_day_vdat
2022-06-06,84691.6015625,88412.8046875,84691.6015625,88278.8046875,compass_local_day_vdat
2022-06-07,88411.0,90165.203125,88411.0,89333.3046875,compass_local_day_vdat
2022-06-08,89380.203125,91221.703125,89380.203125,91162.0,compass_local_day_vdat
2022-06-09,90944.8984375,92101.0,90040.5,90162.5,compass_local_day_vdat
2022-06-10,89511.3046875,92883.8046875,89511.3046875,92883.8046875,compass_local_day_vdat
2022-06-13,92067.8046875,94985.5,92067.8046875,93971.5,compass_local_day_vdat
2022-06-14,92877.3046875,95359.3984375,92590.8984375,95359.3984375,compass_local_day_vdat
2022-06-15,95593.8984375,99352.203125,95593.8984375,97684.3984375,compass_local_day_vdat
2022-06-16,97889.8984375,99976.6015625,97889.8984375,98226.5,compass_local_day_vdat
2022-06-17,97511.1015625,100034.8046875,97511.1015625,99828.703125,compass_local_day_vdat
2022-06-20,100346.1015625,102856.3046875,100346.1015625,101517.3046875,compass_local_day_vdat
2022-06-21,101343.703125,102698.203125,100018.3046875,100834.8046875,compass_local_day_vdat
2022-06-22,100995.203125,102238.203125,99249.8046875,99304.8046875,compass_local_day_vdat
2022-06-23,99695.203125,101581.0,99681.5,101540.8046875,compass_local_day_vdat
2022-06-24,101857.3984375,104319.3046875,101808.6015625,103339.5,compass_local_day_vdat
2022-06-27,104233.1015625,106903.3046875,104210.3046875,105668.3046875,compass_local_day_vdat
2022-06-28,105653.3046875,107884.3046875,105580.5,107884.3046875,compass_local_day_vdat
2022-06-29,107516.8046875,109541.3984375,106277.0,106434.203125,compass_local_day_vdat
2022-06-30,106825.1015625,109186.8046875,106825.1015625,107955.6015625,compass_local_day_vdat
2022-07-01,108087.8984375,109418.203125,106878.6015625,107124.6015625,compass_local_day_vdat
2022-07-04,106912.0,109158.3046875,106666.703125,108098.5,compass_local_day_vdat
2022-07-05,108545.3046875,109747.8046875,107202.3046875,108149.1015625,compass_local_day_vdat
2022-07-06,107619.8984375,109267.6015625,105655.8046875,106463.3046875,compass_local_day_vdat
2022-07-07,106467.8046875,108290.8984375,106349.8046875,106927.1015625,compass_local_day_vdat
2022-07-08,107733.203125,108720.703125,105349.0,105407.5,compass_local_day_vdat
2022-07-11,104729.703125,105504.3984375,102633.0,103109.203125,compass_local_day_vdat
2022-07-12,103149.8046875,104470.203125,100774.5,100805.8984375,compass_local_day_vdat
2022-07-13,100861.3984375,102089.0,100425.8984375,100654.5,compass_local_day_vdat
2022-07-14,100291.1015625,102707.1015625,100291.1015625,101065.8984375,compass_local_day_vdat
2022-07-15,100723.703125,103037.3046875,99890.3984375,99903.8984375,compass_local_day_vdat
2022-07-18,100667.0,102404.0,100515.3046875,101343.8984375,compass_local_day_vdat
2022-07-19,101269.3984375,103002.703125,100620.6015625,100749.3046875,compass_local_day_vdat
2022-07-20,101199.6015625,102463.6015625,100462.8046875,100658.0,compass_local_day_vdat
2022-07-21,100356.0,101846.1015625,99266.203125,99316.5,compass_local_day_vdat
2022-07-22,100022.703125,100943.203125,97896.3984375,98433.6015625,compass_local_day_vdat
2022-07-25,98396.1015625,99070.6015625,95792.0,95812.5,compass_local_day_vdat
2022-07-26,95968.6015625,97244.6015625,95314.1015625,95411.3984375,compass_local_day_vdat
2022-07-27,95225.3046875,96665.703125,94656.6015625,94830.203125,compass_local_day_vdat
2022-07-28,95488.203125,97081.1015625,95100.3046875,95167.203125,compass_local_day_vdat
2022-07-29,95333.703125,96654.203125,94428.203125,94670.5,compass_local_day_vdat
2022-08-01,94620.8046875,96221.8046875,94231.3046875,95435.703125,compass_local_day_vdat
2022-08-02,94026.703125,95742.1015625,93086.5,93982.703125,compass_local_day_vdat
2022-08-03,95074.1015625,96675.703125,93238.203125,93725.6015625,compass_local_day_vdat
2022-08-04,94560.3046875,95643.0,93130.6015625,93678.6015625,compass_local_day_vdat
2022-08-05,93906.5,95007.3046875,93723.0,94752.8984375,compass_local_day_vdat
2022-08-08,94621.203125,96668.8984375,94494.5,95369.0,compass_local_day_vdat
2022-08-09,95138.0,96842.3046875,95062.5,95318.6015625,compass_local_day_vdat
2022-08-10,95067.1015625,96519.6015625,94551.3984375,94786.3046875,compass_local_day_vdat
2022-08-11,95329.5,96693.6015625,95227.6015625,96337.0,compass_local_day_vdat
2022-08-12,96155.1015625,97677.1015625,95277.3984375,95341.8984375,compass_local_day_vdat
2022-08-15,95186.6015625,97359.0,95186.6015625,95782.5,compass_local_day_vdat
2022-08-16,95941.6015625,97850.1015625,95941.6015625,96195.8984375,compass_local_day_vdat
2022-08-17,96336.0,97713.5,96220.3046875,96815.1015625,compass_local_day_vdat
2022-08-18,96534.0,98056.0,96534.0,97080.703125,compass_local_day_vdat
2022-08-19,97120.5,98081.0,95937.0,95983.5,compass_local_day_vdat
2022-08-22,96017.6015625,97881.6015625,95766.8046875,96796.1015625,compass_local_day_vdat
2022-08-23,96565.3984375,98299.0,96565.3984375,96907.203125,compass_local_day_vdat
2022-08-24,97106.8984375,97480.203125,94383.203125,94550.8046875,compass_local_day_vdat
2022-08-25,95055.203125,95386.0,93171.203125,94099.203125,compass_local_day_vdat
2022-08-26,94280.8984375,96158.0,92789.6015625,92980.3984375,compass_local_day_vdat
2022-08-29,91745.6015625,94278.703125,91745.6015625,92587.1015625,compass_local_day_vdat
2022-08-30,92524.5,93411.5,90784.6015625,90854.3984375,compass_local_day_vdat
2022-08-31,90502.0,91054.1015625,88627.5,89009.1015625,compass_local_day_vdat
2022-09-01,88987.8984375,90429.0,87378.0,87552.1015625,compass_local_day_vdat
2022-09-02,87801.8984375,89131.3984375,86667.3046875,86892.6015625,compass_local_day_vdat
2022-09-05,86712.8046875,88407.1015625,85995.0,86260.3984375,compass_local_day_vdat
2022-09-06,86406.6015625,88229.3046875,86406.6015625,87716.1015625,compass_local_day_vdat
2022-09-07,87648.3984375,89649.6015625,87414.6015625,87950.8046875,compass_local_day_vdat
2022-09-08,87797.1015625,88887.1015625,86120.3984375,86199.0,compass_local_day_vdat
2022-09-09,86316.1015625,87211.6015625,85609.703125,85660.8046875,compass_local_day_vdat
2022-09-13,86052.1015625,86854.6015625,84905.3046875,84997.203125,compass_local_day_vdat
2022-09-14,83794.5,85306.3984375,83100.6015625,83157.703125,compass_local_day_vdat
2022-09-15,83173.3984375,83600.8046875,80839.0,81616.8984375,compass_local_day_vdat
2022-09-16,81494.8984375,82439.203125,79569.3046875,79655.3984375,compass_local_day_vdat
2022-09-19,79512.1015625,80825.703125,78022.5,78078.6015625,compass_local_day_vdat
2022-09-20,78758.0,80220.1015625,77804.8984375,77901.8046875,compass_local_day_vdat
2022-09-21,77313.203125,78378.6015625,76626.703125,76677.8046875,compass_local_day_vdat
2022-09-22,76182.3984375,78027.703125,75427.8046875,75461.203125,compass_local_day_vdat
2022-09-23,75464.703125,76052.0,73480.8984375,73509.8984375,compass_local_day_vdat
2022-09-26,73028.6015625,74860.3984375,72223.1015625,72366.6015625,compass_local_day_vdat
2022-09-27,72785.6015625,73516.6015625,72361.8984375,73144.8046875,compass_local_day_vdat
2022-09-28,72911.8984375,73289.3984375,70493.1015625,70508.6015625,compass_local_day_vdat
2022-09-29,71296.1015625,71974.3046875,69542.203125,69876.3984375,compass_local_day_vdat
2022-09-30,69911.5,70388.203125,67848.3984375,67888.0,compass_local_day_vdat
2022-10-10,68064.5,68885.203125,66063.3984375,66292.3046875,compass_local_day_vdat
2022-10-11,66470.6015625,67283.1015625,65926.203125,66084.3984375,compass_local_day_vdat
2022-10-12,65957.8984375,68295.8984375,65026.1015625,68295.8984375,compass_local_day_vdat
2022-10-13,67737.5,69876.5,67737.5,68804.3046875,compass_local_day_vdat
2022-10-14,69474.0,72265.3984375,69474.0,71971.8046875,compass_local_day_vdat
2022-10-17,71796.3046875,73750.703125,71796.3046875,73375.6015625,compass_local_day_vdat
2022-10-18,73675.203125,75068.8046875,73675.203125,74051.3046875,compass_local_day_vdat
2022-10-19,73747.3046875,75180.8984375,73369.0,73391.6015625,compass_local_day_vdat
2022-10-20,72867.8046875,75019.703125,72867.8046875,73414.703125,compass_local_day_vdat
2022-10-21,73421.8984375,74458.6015625,73058.3046875,73205.0,compass_local_day_vdat
2022-10-24,73312.703125,75020.3984375,72855.3046875,73374.3984375,compass_local_day_vdat
2022-10-25,72991.3046875,75114.8984375,72891.8984375,73807.8984375,compass_local_day_vdat
2022-10-26,73915.203125,77198.203125,73915.203125,76302.6015625,compass_local_day_vdat
2022-10-27,76577.8984375,78303.0,76577.8984375,76928.5,compass_local_day_vdat
2022-10-28,76236.0,77697.1015625,75324.3984375,75683.703125,compass_local_day_vdat
2022-10-31,75269.0,78386.5,75269.0,77042.6015625,compass_local_day_vdat
2022-11-01,77281.8046875,80776.3984375,77281.8046875,80776.3984375,compass_local_day_vdat
2022-11-02,80552.0,84117.8046875,80552.0,83685.8984375,compass_local_day_vdat
2022-11-03,82832.0,85302.8046875,82832.0,83919.0,compass_local_day_vdat
2022-11-04,84177.703125,87904.0,84177.703125,87723.8984375,compass_local_day_vdat
2022-11-07,87748.8046875,89834.3046875,87748.8046875,88721.8046875,compass_local_day_vdat
2022-11-08,88686.703125,89344.3984375,87323.703125,87718.1015625,compass_local_day_vdat
2022-11-09,87753.6015625,88952.0,86266.3046875,86315.8046875,compass_local_day_vdat
2022-11-10,85702.203125,86868.703125,84961.703125,85077.6015625,compass_local_day_vdat
2022-11-11,87463.5,89033.3046875,87463.5,88273.6015625,compass_local_day_vdat
2022-11-14,88609.6015625,90616.703125,88392.0,89231.0,compass_local_day_vdat
2022-11-15,89191.0,92237.3984375,89094.1015625,92094.203125,compass_local_day_vdat
2022-11-16,92051.203125,93716.8046875,91074.203125,91203.3046875,compass_local_day_vdat
2022-11-17,90727.8046875,91599.1015625,90203.3046875,90975.5,compass_local_day_vdat
2022-11-18,91206.3984375,92659.3984375,90382.8984375,90571.1015625,compass_local_day_vdat
2022-11-21,89789.8046875,91400.3046875,89690.6015625,89865.8046875,compass_local_day_vdat
2022-11-22,89699.5,90325.0,87889.5,88212.203125,compass_local_day_vdat
2022-11-23,87931.3984375,88398.0,87125.1015625,87196.5,compass_local_day_vdat
2022-11-24,87617.203125,88298.1015625,85995.5,86066.8984375,compass_local_day_vdat
2022-11-25,85651.703125,86371.0,84180.5,84207.8046875,compass_local_day_vdat
2022-11-28,82864.8046875,84782.703125,82814.0,83098.6015625,compass_local_day_vdat
2022-11-29,83827.8046875,86244.8046875,83827.8046875,85800.8984375,compass_local_day_vdat
2022-11-30,85796.5,87333.5,85574.8984375,86239.703125,compass_local_day_vdat
2022-12-01,87557.6015625,89394.203125,87557.6015625,88200.3984375,compass_local_day_vdat
2022-12-02,87917.3046875,89624.5,87684.1015625,87739.3046875,compass_local_day_vdat
2022-12-05,88550.3046875,90220.203125,88483.6015625,89798.8984375,compass_local_day_vdat
2022-12-06,89520.3984375,91527.8046875,89497.8984375,90237.3984375,compass_local_day_vdat
2022-12-07,90073.203125,91359.203125,90057.703125,90418.703125,compass_local_day_vdat
2022-12-08,90418.3984375,91314.3984375,89493.3046875,89572.3046875,compass_local_day_vdat
2022-12-09,89560.703125,90603.0,89541.1015625,90528.5,compass_local_day_vdat
2022-12-12,90505.0,91396.8046875,89852.6015625,89919.5,compass_local_day_vdat
2022-12-13,89914.3984375,90561.8046875,88381.5,88447.3046875,compass_local_day_vdat
2022-12-14,88432.1015625,89243.3046875,87098.6015625,87231.1015625,compass_local_day_vdat
2022-12-15,87201.0,88136.8984375,86164.0,86267.1015625,compass_local_day_vdat
2022-12-16,85830.0,86608.5,84413.8046875,84641.6015625,compass_local_day_vdat
2022-12-19,84613.203125,84991.203125,81698.5,82015.8984375,compass_local_day_vdat
2022-12-20,81718.1015625,82024.5,79475.703125,79491.203125,compass_local_day_vdat
2022-12-21,79494.1015625,79840.6015625,77079.6015625,77154.1015625,compass_local_day_vdat
2022-12-22,77282.0,77995.6015625,75089.5,75269.8046875,compass_local_day_vdat
2022-12-23,74810.5,75864.8984375,73166.1015625,73422.8046875,compass_local_day_vdat
2022-12-26,73535.8046875,74898.3046875,73391.1015625,73500.5,compass_local_day_vdat
2022-12-27,73714.3984375,74193.3984375,73171.203125,73208.6015625,compass_local_day_vdat
2022-12-28,72865.8046875,73550.203125,71856.1015625,71883.8046875,compass_local_day_vdat
2022-12-29,71575.6015625,72415.5,70614.0,70643.3046875,compass_local_day_vdat
2022-12-30,70987.8984375,71508.3984375,69868.5,69917.1015625,compass_local_day_vdat
2023-01-03,69846.703125,71846.6015625,69846.703125,71836.8046875,compass_local_day_vdat
2023-01-04,71917.1015625,73135.5,71857.3984375,72258.203125,compass_local_day_vdat
2023-01-05,72423.3984375,74318.8046875,72402.8046875,73949.8046875,compass_local_day_vdat
2023-01-06,73973.3046875,75519.703125,73973.3046875,74681.0,compass_local_day_vdat
2023-01-09,75031.703125,76664.8984375,75031.703125,75677.8984375,compass_local_day_vdat
2023-01-10,75651.3046875,76677.5,75593.0,75681.8984375,compass_local_day_vdat
2023-01-11,75656.6015625,76713.0,74827.3046875,74944.8046875,compass_local_day_vdat
2023-01-12,75242.3046875,76216.8984375,74345.5,74434.8984375,compass_local_day_vdat
2023-01-13,74653.6015625,75251.6015625,74032.3984375,74463.203125,compass_local_day_vdat
2023-01-16,74666.3046875,77601.3984375,74666.3046875,76897.0,compass_local_day_vdat
2023-01-17,76980.1015625,77888.3984375,76230.6015625,76380.203125,compass_local_day_vdat
2023-01-18,76486.5,77300.0,75389.3984375,75462.6015625,compass_local_day_vdat
2023-01-19,75250.1015625,76023.0,75202.5,75445.3984375,compass_local_day_vdat
2023-01-20,75477.0,76858.203125,75477.0,76218.8984375,compass_local_day_vdat
2023-01-30,77875.3984375,80150.6015625,77875.3984375,79626.203125,compass_local_day_vdat
2023-01-31,79560.3046875,81113.6015625,79537.0,80391.3984375,compass_local_day_vdat
2023-02-01,80590.0,83237.203125,80580.8984375,83237.203125,compass_local_day_vdat
2023-02-02,83288.703125,85306.0,83288.703125,84674.8046875,compass_local_day_vdat
2023-02-03,84393.3984375,85228.8984375,84223.3984375,84883.3984375,compass_local_day_vdat
2023-02-06,84568.703125,85989.8984375,84352.0,84508.203125,compass_local_day_vdat
2023-02-07,84632.0,85452.3984375,84389.5,84580.203125,compass_local_day_vdat
2023-02-08,84704.1015625,85345.203125,83407.1015625,83464.5,compass_local_day_vdat
2023-02-09,83171.5,85097.5,83171.5,85024.203125,compass_local_day_vdat
2023-02-10,85040.3984375,86226.8984375,84608.5,84698.3984375,compass_local_day_vdat
2023-02-13,84787.6015625,86719.5,84786.8046875,86517.703125,compass_local_day_vdat
2023-02-14,86653.3984375,87921.6015625,86442.3046875,86654.3046875,compass_local_day_vdat
2023-02-15,86660.0,87686.1015625,86660.0,87073.8046875,compass_local_day_vdat
2023-02-16,87021.1015625,88640.703125,86592.0,87593.5,compass_local_day_vdat
2023-02-17,87627.1015625,88622.5,86469.3984375,86526.8984375,compass_local_day_vdat
2023-02-20,86741.1015625,88580.0,86681.3046875,88580.0,compass_local_day_vdat
2023-02-21,88560.703125,90385.5,88541.8984375,88952.1015625,compass_local_day_vdat
2023-02-22,88332.3984375,89573.3046875,87592.6015625,87737.3046875,compass_local_day_vdat
2023-02-23,87777.1015625,88658.203125,86446.703125,86649.0,compass_local_day_vdat
2023-02-24,86714.8984375,87274.0,85000.0,85021.8046875,compass_local_day_vdat
2023-02-27,84892.1015625,85854.6015625,83484.0,83582.703125,compass_local_day_vdat
2023-02-28,84011.8046875,84794.203125,82898.1015625,83559.3046875,compass_local_day_vdat
2023-03-01,83437.703125,85352.8984375,83437.703125,84951.703125,compass_local_day_vdat
2023-03-02,84913.203125,86243.8046875,84908.8984375,85098.8984375,compass_local_day_vdat
2023-03-03,85047.3046875,86170.1015625,84967.1015625,85058.6015625,compass_local_day_vdat
2023-03-06,85147.6015625,86446.0,85127.1015625,85802.5,compass_local_day_vdat
2023-03-07,85660.5,86605.8046875,84599.3046875,84702.8984375,compass_local_day_vdat
2023-03-08,84462.3984375,85779.0,83582.703125,83979.8984375,compass_local_day_vdat
2023-03-09,83985.3046875,84650.3046875,82997.3984375,83066.203125,compass_local_day_vdat
2023-03-10,82674.203125,83545.8046875,81570.3046875,81599.3046875,compass_local_day_vdat
2023-03-13,81580.0,82796.3046875,81580.0,82402.203125,compass_local_day_vdat
2023-03-14,82237.1015625,83033.8046875,82090.6015625,82446.8984375,compass_local_day_vdat
2023-03-15,82900.3046875,84241.5,82400.3984375,82485.8984375,compass_local_day_vdat
2023-03-16,81985.8984375,83075.203125,81255.5,81363.3984375,compass_local_day_vdat
2023-03-17,82026.3984375,83973.1015625,81996.8046875,83273.1015625,compass_local_day_vdat
2023-03-20,83566.8046875,85934.203125,83562.703125,84542.5,compass_local_day_vdat
2023-03-21,84691.0,86098.0,84674.6015625,85719.5,compass_local_day_vdat
2023-03-22,85977.3984375,87574.8046875,85977.3984375,86804.8046875,compass_local_day_vdat
2023-03-23,86552.1015625,88356.0,86552.1015625,88356.0,compass_local_day_vdat
2023-03-24,88382.0,89898.203125,88382.0,89517.703125,compass_local_day_vdat
2023-03-27,89532.6015625,91529.6015625,89532.6015625,91008.203125,compass_local_day_vdat
2023-03-28,90808.703125,91880.5,89950.8046875,90121.8046875,compass_local_day_vdat
2023-03-29,90179.8984375,91196.8046875,89944.6015625,90105.8984375,compass_local_day_vdat
2023-03-30,90194.6015625,91018.0,89659.3984375,89942.1015625,compass_local_day_vdat
2023-03-31,90011.703125,91337.1015625,89933.3046875,90988.5,compass_local_day_vdat
2023-04-03,91192.3046875,94836.5,91192.3046875,94836.5,compass_local_day_vdat
2023-04-04,94747.8984375,97411.5,94747.8984375,96929.3984375,compass_local_day_vdat
2023-04-06,96316.3046875,98806.1015625,96316.3046875,97901.703125,compass_local_day_vdat
2023-04-07,98012.703125,99721.203125,97939.8046875,98551.3046875,compass_local_day_vdat
2023-04-10,98926.3046875,100526.3984375,97736.1015625,97975.1015625,compass_local_day_vdat
2023-04-11,98081.3046875,99707.1015625,97970.5,98331.5,compass_local_day_vdat
2023-04-12,98296.8984375,100545.5,98252.3984375,99621.6015625,compass_local_day_vdat
2023-04-13,99277.1015625,100818.703125,98388.0,98554.703125,compass_local_day_vdat
2023-04-14,98922.203125,100204.0,98922.203125,99385.203125,compass_local_day_vdat
2023-04-17,99207.703125,101265.0,99207.703125,99861.5,compass_local_day_vdat
2023-04-18,99529.8984375,101044.0,99529.8984375,99762.8984375,compass_local_day_vdat
2023-04-19,99682.703125,101135.8046875,99199.3046875,99404.3984375,compass_local_day_vdat
2023-04-20,99424.3046875,101000.0,99424.3046875,100578.703125,compass_local_day_vdat
2023-04-21,100589.203125,101660.8046875,98358.3984375,98400.5,compass_local_day_vdat
2023-04-24,98511.0,99845.8046875,97514.1015625,98044.3046875,compass_local_day_vdat
2023-04-25,97924.6015625,98586.8984375,96376.3046875,97144.8984375,compass_local_day_vdat
2023-04-26,96851.0,98631.8984375,96851.0,97209.0,compass_local_day_vdat
2023-04-27,96653.6015625,98655.203125,96229.6015625,96653.1015625,compass_local_day_vdat
2023-04-28,96667.0,99667.5,96667.0,99288.6015625,compass_local_day_vdat
2023-05-04,99243.203125,101415.8046875,99243.203125,100550.8984375,compass_local_day_vdat
2023-05-05,100376.5,101555.703125,99419.703125,99559.8984375,compass_local_day_vdat
2023-05-08,99848.5,102099.703125,99807.8984375,101199.8984375,compass_local_day_vdat
2023-05-09,101088.6015625,103368.703125,100858.8984375,100948.703125,compass_local_day_vdat
2023-05-10,100731.203125,102088.8046875,99639.0,100179.8046875,compass_local_day_vdat
2023-05-11,100562.1015625,101244.3046875,98584.8046875,98616.703125,compass_local_day_vdat
2023-05-12,98328.6015625,99441.703125,95678.3046875,95726.3046875,compass_local_day_vdat
2023-05-15,95917.3984375,96632.8046875,95017.1015625,96165.8046875,compass_local_day_vdat
2023-05-16,96028.5,96694.8984375,93656.3984375,93849.0,compass_local_day_vdat
2023-05-17,93450.6015625,94985.8984375,92395.6015625,92601.203125,compass_local_day_vdat
2023-05-18,92670.0,94217.5,92315.3046875,92386.8984375,compass_local_day_vdat
2023-05-19,92192.3984375,93060.6015625,90970.203125,91007.1015625,compass_local_day_vdat
2023-05-22,90965.203125,91896.703125,89621.8984375,89665.1015625,compass_local_day_vdat
2023-05-23,89496.8984375,89957.5,87072.0,87073.703125,compass_local_day_vdat
2023-05-24,87046.703125,87905.8046875,85782.5,85800.8046875,compass_local_day_vdat
2023-05-25,85823.0,86778.6015625,84475.6015625,85340.3984375,compass_local_day_vdat
2023-05-26,85199.1015625,86301.3046875,85078.8984375,85113.3984375,compass_local_day_vdat
2023-05-29,85575.703125,86888.3046875,85023.8046875,85134.703125,compass_local_day_vdat
2023-05-30,84830.3984375,86125.6015625,84783.0,86054.703125,compass_local_day_vdat
2023-05-31,85839.3046875,87128.5,85559.3046875,85948.6015625,compass_local_day_vdat
2023-06-01,85946.1015625,87967.5,85567.3984375,86569.3984375,compass_local_day_vdat
2023-06-02,86584.1015625,88242.3984375,86584.1015625,86978.703125,compass_local_day_vdat
2023-06-05,87069.3046875,88605.1015625,86665.203125,86779.3046875,compass_local_day_vdat
2023-06-06,86476.703125,87638.203125,84827.1015625,85144.0,compass_local_day_vdat
2023-06-07,85134.3046875,86315.5,84275.1015625,84560.3984375,compass_local_day_vdat
2023-06-08,84380.8046875,85164.0,83651.5,83711.3046875,compass_local_day_vdat
2023-06-09,83795.3046875,85167.8046875,83795.3046875,85151.5,compass_local_day_vdat
2023-06-12,85537.3046875,87164.8046875,85537.3046875,86303.5,compass_local_day_vdat
2023-06-13,86141.8984375,87729.8984375,86141.8984375,86855.6015625,compass_local_day_vdat
2023-06-14,86884.703125,88322.0,86884.703125,87327.5,compass_local_day_vdat
2023-06-15,87390.3046875,89014.203125,87390.3046875,88660.8046875,compass_local_day_vdat
2023-06-16,88611.8984375,90611.5,88611.8984375,90515.6015625,compass_local_day_vdat
2023-06-19,90526.6015625,92377.1015625,90526.6015625,91728.703125,compass_local_day_vdat
2023-06-20,91649.3046875,92874.6015625,91496.8046875,92095.6015625,compass_local_day_vdat
2023-06-21,91655.3984375,92415.5,89555.8984375,89591.1015625,compass_local_day_vdat
2023-06-26,88923.703125,90193.8984375,87292.203125,87550.3984375,compass_local_day_vdat
2023-06-27,87771.3984375,88963.8046875,87697.1015625,87807.8046875,compass_local_day_vdat
2023-06-28,87469.8984375,87567.3046875,86422.3984375,86552.203125,compass_local_day_vdat
2023-06-29,86584.703125,87614.3046875,86363.8984375,86380.5,compass_local_day_vdat
2023-06-30,86361.0,87711.1015625,86110.3046875,86996.3046875,compass_local_day_vdat
2023-07-03,87428.3984375,88962.3984375,87428.3984375,87898.8984375,compass_local_day_vdat
2023-07-04,87772.203125,89105.1015625,87772.203125,88192.8984375,compass_local_day_vdat
2023-07-05,88018.6015625,89018.5,86511.0,86668.0,compass_local_day_vdat
2023-07-06,86417.1015625,88149.3046875,85633.8984375,85750.6015625,compass_local_day_vdat
2023-07-07,85564.0,85940.0,83996.3984375,84034.1015625,compass_local_day_vdat
2023-07-10,84543.8046875,85375.703125,83114.3046875,83168.8046875,compass_local_day_vdat
2023-07-11,83168.203125,84155.5,82815.5,82914.6015625,compass_local_day_vdat
2023-07-12,82827.8046875,83763.8046875,81575.8984375,81742.203125,compass_local_day_vdat
2023-07-13,82054.6015625,83454.5,82054.6015625,83157.203125,compass_local_day_vdat
2023-07-14,83356.8984375,84706.1015625,83271.6015625,83359.8984375,compass_local_day_vdat
2023-07-17,83052.0,84228.3984375,82127.8046875,82340.6015625,compass_local_day_vdat
2023-07-18,82350.0,82891.3046875,81052.5,81114.0,compass_local_day_vdat
2023-07-19,81134.3984375,81768.0,79564.8984375,79658.703125,compass_local_day_vdat
2023-07-20,79746.5,80253.6015625,77728.6015625,77894.703125,compass_local_day_vdat
2023-07-21,77846.3984375,78757.8046875,76563.0,76627.3984375,compass_local_day_vdat
2023-07-24,76413.5,78012.3046875,75427.703125,75488.203125,compass_local_day_vdat
2023-07-25,76633.5,78651.8046875,76544.1015625,78342.703125,compass_local_day_vdat
2023-07-26,78068.0,79155.5,77320.3046875,77542.3984375,compass_local_day_vdat
2023-07-27,77533.0,78753.6015625,76697.0,76862.8984375,compass_local_day_vdat
2023-07-28,76582.203125,79169.0,76582.203125,79169.0,compass_local_day_vdat
2023-07-31,79678.203125,83048.203125,79678.203125,82603.5,compass_local_day_vdat
2023-08-01,82369.1015625,84169.3046875,82369.1015625,83271.5,compass_local_day_vdat
2023-08-02,83010.203125,84468.8046875,82754.1015625,82906.3984375,compass_local_day_vdat
2023-08-03,82692.3046875,83749.5,82692.3046875,82992.203125,compass_local_day_vdat
2023-08-04,83640.0,85379.3046875,83640.0,84878.8046875,compass_local_day_vdat
2023-08-07,84653.203125,86160.6015625,84312.0,84613.6015625,compass_local_day_vdat
2023-08-08,84533.1015625,85228.8984375,83347.3984375,83390.8984375,compass_local_day_vdat
2023-08-09,83061.0,83811.8046875,81430.0,81566.1015625,compass_local_day_vdat
2023-08-10,81436.3984375,82328.0,80301.1015625,80420.1015625,compass_local_day_vdat
2023-08-11,80326.8046875,80691.3046875,78127.203125,78220.5,compass_local_day_vdat
2023-08-14,78065.703125,78820.0,77700.3046875,77977.8046875,compass_local_day_vdat
2023-08-15,77938.0,78569.6015625,76386.3984375,76622.0,compass_local_day_vdat
2023-08-16,76260.0,76866.3046875,74943.3046875,74966.5,compass_local_day_vdat
2023-08-17,74622.5,75994.203125,74570.0,75159.0,compass_local_day_vdat
2023-08-18,75355.3046875,75967.5,73355.5,73362.3046875,compass_local_day_vdat
2023-08-21,73267.0,74465.8984375,71927.0,71933.6015625,compass_local_day_vdat
2023-08-22,72612.3046875,73190.3984375,71462.5,73184.703125,compass_local_day_vdat
2023-08-23,72810.8046875,73175.6015625,71038.203125,71076.703125,compass_local_day_vdat
2023-08-24,71139.3984375,72655.6015625,71139.3984375,71484.6015625,compass_local_day_vdat
2023-08-25,70923.3984375,72173.203125,69931.0,70265.0,compass_local_day_vdat
2023-08-28,74805.6015625,75891.0,73629.6015625,73986.6015625,compass_local_day_vdat
2023-08-29,73780.8984375,78046.8046875,73780.8984375,77903.703125,compass_local_day_vdat
2023-08-30,78017.8984375,80226.203125,78017.8984375,79274.5,compass_local_day_vdat
2023-08-31,78951.1015625,80264.8984375,78420.3046875,78578.5,compass_local_day_vdat
2023-09-01,78986.5,79918.8984375,77752.8046875,77884.703125,compass_local_day_vdat
2023-09-04,78390.1015625,80167.8984375,78378.8984375,79590.0,compass_local_day_vdat
2023-09-05,79321.3046875,80234.5,78559.703125,78647.1015625,compass_local_day_vdat
2023-09-06,78576.3984375,79154.1015625,78133.8984375,78364.5,compass_local_day_vdat
2023-09-07,78212.6015625,78821.5,76557.3984375,76586.3984375,compass_local_day_vdat
2023-09-08,76303.0,77028.203125,75530.6015625,75549.8984375,compass_local_day_vdat
2023-09-11,75704.8984375,77435.5,75584.8984375,76650.203125,compass_local_day_vdat
2023-09-12,76527.8046875,77398.5,75622.3046875,75659.8046875,compass_local_day_vdat
2023-09-13,75443.8046875,75990.703125,73787.3046875,74030.3046875,compass_local_day_vdat
2023-09-14,73965.6015625,74497.0,72604.8984375,72735.3984375,compass_local_day_vdat
2023-09-15,72947.6015625,73801.703125,72055.6015625,72407.3046875,compass_local_day_vdat
2023-09-18,72104.8984375,73929.8046875,72070.6015625,72257.8984375,compass_local_day_vdat
2023-09-19,72059.3984375,72422.1015625,70767.1015625,70785.703125,compass_local_day_vdat
2023-09-20,70583.1015625,71268.1015625,69012.1015625,69027.5,compass_local_day_vdat
2023-09-21,68829.3046875,69639.8046875,67614.0,67631.3984375,compass_local_day_vdat
2023-09-22,67569.8046875,69523.8046875,67569.8046875,69523.8046875,compass_local_day_vdat
2023-09-25,69512.203125,70486.3984375,69141.8046875,69173.3984375,compass_local_day_vdat
2023-09-26,69087.5,70095.5,68391.203125,68399.1015625,compass_local_day_vdat
2023-09-27,68417.5,69808.3984375,68417.5,68640.1015625,compass_local_day_vdat
2023-09-28,68957.3046875,69903.0,68907.6015625,69096.8984375,compass_local_day_vdat
2023-10-09,69109.703125,70417.703125,69081.203125,69512.1015625,compass_local_day_vdat
2023-10-10,69905.703125,70854.203125,69554.1015625,69661.8046875,compass_local_day_vdat
2023-10-11,69837.3046875,71627.3984375,69837.3046875,70613.5,compass_local_day_vdat
2023-10-12,71155.1015625,72145.5,71038.8046875,71653.0,compass_local_day_vdat
2023-10-13,71230.3046875,72594.3984375,71230.3046875,71667.3984375,compass_local_day_vdat
2023-10-16,71678.8984375,72642.8984375,71011.8046875,71383.6015625,compass_local_day_vdat
2023-10-17,71393.3984375,72001.0,70872.6015625,71062.3984375,compass_local_day_vdat
2023-10-18,70760.703125,71567.6015625,70097.0,70161.3046875,compass_local_day_vdat
2023-10-19,69678.0,71447.8046875,69454.5,69533.1015625,compass_local_day_vdat
2023-10-20,69178.3046875,70248.3046875,68431.8984375,68582.3984375,compass_local_day_vdat
2023-10-23,68262.1015625,68874.203125,66860.3046875,67303.8984375,compass_local_day_vdat
2023-10-24,67778.703125,69805.0,67642.1015625,68847.8984375,compass_local_day_vdat
2023-10-25,69499.5,71587.8046875,69469.203125,70553.203125,compass_local_day_vdat
2023-10-26,70205.1015625,71776.3046875,70205.1015625,71321.3984375,compass_local_day_vdat
2023-10-27,71032.703125,73769.1015625,71032.703125,73680.3984375,compass_local_day_vdat
2023-10-30,73629.5,76695.1015625,73629.5,76680.1015625,compass_local_day_vdat
2023-10-31,76681.6015625,77956.0,76469.0,76810.203125,compass_local_day_vdat
2023-11-01,76941.1015625,77974.703125,76486.8046875,76548.6015625,compass_local_day_vdat
2023-11-02,76673.5,77290.203125,75185.8046875,75221.3984375,compass_local_day_vdat
2023-11-03,75398.8046875,77279.3046875,75398.8046875,76172.8046875,compass_local_day_vdat
2023-11-06,76890.203125,79875.5,76890.203125,79829.5,compass_local_day_vdat
2023-11-07,79643.1015625,81348.5,79643.1015625,81072.8046875,compass_local_day_vdat
2023-11-08,80929.6015625,82881.3984375,80929.6015625,82196.5,compass_local_day_vdat
2023-11-09,82061.3984375,83273.5,81617.3984375,81735.203125,compass_local_day_vdat
2023-11-10,81232.1015625,82384.3984375,80546.8046875,80588.3984375,compass_local_day_vdat
2023-11-13,81000.8046875,82360.8984375,80838.5,81086.6015625,compass_local_day_vdat
2023-11-14,81031.8046875,82533.203125,80994.1015625,81533.8046875,compass_local_day_vdat
2023-11-15,82387.6015625,83430.703125,82216.1015625,82423.5,compass_local_day_vdat
2023-11-16,82029.1015625,83218.8046875,81091.203125,81107.3046875,compass_local_day_vdat
2023-11-17,81049.8046875,81822.1015625,80641.8984375,80845.5,compass_local_day_vdat
2023-11-20,80996.8984375,82310.1015625,80996.8984375,81627.8046875,compass_local_day_vdat
2023-11-21,81787.8984375,83164.1015625,81372.6015625,81612.8046875,compass_local_day_vdat
2023-11-22,81269.3984375,82219.8046875,80159.8046875,80171.8984375,compass_local_day_vdat
2023-11-23,80083.5,81312.6015625,80020.8984375,80142.3046875,compass_local_day_vdat
2023-11-24,80091.0,80522.3046875,78429.8984375,78485.8984375,compass_local_day_vdat
2023-11-27,78346.1015625,79286.203125,78119.0,78154.703125,compass_local_day_vdat
2023-11-28,77987.6015625,79302.1015625,77711.0,77947.6015625,compass_local_day_vdat
2023-11-29,77843.8046875,78738.203125,76840.6015625,76878.5,compass_local_day_vdat
2023-11-30,76992.0,77803.5,75895.5,76387.3984375,compass_local_day_vdat
2023-12-01,76255.8984375,77205.3984375,76235.8046875,77008.8046875,compass_local_day_vdat
2023-12-04,77234.703125,78606.1015625,77078.8046875,77091.0,compass_local_day_vdat
2023-12-05,77081.1015625,77474.6015625,75481.3046875,75498.8046875,compass_local_day_vdat
2023-12-06,75446.8984375,76939.0,75358.6015625,75748.5,compass_local_day_vdat
2023-12-07,75624.0,76519.203125,75624.0,75662.8046875,compass_local_day_vdat
2023-12-08,75697.203125,77099.0,75697.203125,76772.6015625,compass_local_day_vdat
2023-12-11,76330.8984375,78439.8046875,76260.203125,78439.8046875,compass_local_day_vdat
2023-12-12,78442.8984375,79451.703125,77949.8984375,78137.5,compass_local_day_vdat
2023-12-13,77921.1015625,78675.0,76730.8046875,76778.703125,compass_local_day_vdat
2023-12-14,77227.8984375,77895.8046875,75521.5,75590.8046875,compass_local_day_vdat
2023-12-15,75880.8046875,76674.3046875,74568.3046875,74723.3984375,compass_local_day_vdat
2023-12-18,74437.8046875,75408.3046875,72998.5,73175.8984375,compass_local_day_vdat
2023-12-19,73070.203125,73948.8046875,71698.0,72202.703125,compass_local_day_vdat
2023-12-20,72307.6015625,72704.0,70268.5,70299.8984375,compass_local_day_vdat
2023-12-21,70007.5,71765.703125,70007.5,70872.8984375,compass_local_day_vdat
2023-12-22,70838.0,71334.6015625,69821.3984375,70106.6015625,compass_local_day_vdat
2023-12-25,70104.0,70845.6015625,69079.8046875,69133.203125,compass_local_day_vdat
2023-12-26,69100.0,69265.8046875,67259.3046875,67349.3046875,compass_local_day_vdat
2023-12-27,67575.5,67958.0,67079.203125,67123.203125,compass_local_day_vdat
2023-12-28,66961.6015625,70154.203125,66961.6015625,69908.203125,compass_local_day_vdat
2023-12-29,69988.5,72023.3046875,69988.5,71535.703125,compass_local_day_vdat
2024-01-02,71811.0,72985.8046875,71616.203125,71649.203125,compass_local_day_vdat
2024-01-03,71647.203125,72336.0,70939.6015625,71196.8984375,compass_local_day_vdat
2024-01-04,71043.8046875,71469.6015625,70082.0,70221.3046875,compass_local_day_vdat
2024-01-05,70035.5,71017.1015625,68757.3046875,69172.3984375,compass_local_day_vdat
2024-01-08,68974.3984375,69624.8046875,67740.0,67754.1015625,compass_local_day_vdat
2024-01-09,68012.3984375,69379.6015625,67523.203125,67799.0,compass_local_day_vdat
2024-01-10,67396.8046875,68962.1015625,66776.3984375,66776.3984375,compass_local_day_vdat
2024-01-11,66660.8984375,68505.1015625,66660.8984375,68092.1015625,compass_local_day_vdat
2024-01-12,67989.1015625,69210.8984375,67219.3046875,67258.3984375,compass_local_day_vdat
2024-01-15,66913.0,68407.1015625,66559.8046875,66609.0,compass_local_day_vdat
2024-01-16,66537.3984375,67354.1015625,65812.6015625,66639.6015625,compass_local_day_vdat
2024-01-17,66374.1015625,66811.6015625,64687.5,64699.40234375,compass_local_day_vdat
2024-01-18,64455.0,66937.203125,64396.6015625,66937.203125,compass_local_day_vdat
2024-01-19,66810.5,68031.3046875,66020.3984375,66031.6015625,compass_local_day_vdat
2024-01-22,65880.1015625,66247.1015625,63577.0,64293.40234375,compass_local_day_vdat
2024-01-23,64128.80078125,66170.8984375,63675.19921875,65372.80078125,compass_local_day_vdat
2024-01-24,65864.6015625,67070.1015625,64529.6015625,67070.1015625,compass_local_day_vdat
2024-01-25,66887.5,70694.1015625,66881.8984375,70694.1015625,compass_local_day_vdat
2024-01-26,70538.3984375,72410.8984375,70538.3984375,71081.5,compass_local_day_vdat
2024-01-29,71186.1015625,71784.1015625,69895.8046875,69898.203125,compass_local_day_vdat
2024-01-30,69239.3046875,70599.3046875,67713.3984375,67816.6015625,compass_local_day_vdat
2024-01-31,67440.1015625,68432.0,66162.8046875,66365.1015625,compass_local_day_vdat
2024-02-01,66075.6015625,68706.3984375,65735.703125,66415.3046875,compass_local_day_vdat
2024-02-02,66677.8046875,67324.6015625,63455.80078125,65719.5,compass_local_day_vdat
2024-02-05,64818.80078125,66809.3046875,63025.19921875,64839.1015625,compass_local_day_vdat
2024-02-06,63595.19921875,70586.3984375,63353.1015625,69984.8984375,compass_local_day_vdat
2024-02-07,70044.5,73872.203125,69712.3046875,73418.8984375,compass_local_day_vdat
2024-02-08,73749.0,78483.3046875,73749.0,78236.6015625,compass_local_day_vdat
2024-02-19,79523.3046875,82076.0,79335.5,81443.3046875,compass_local_day_vdat
2024-02-20,80959.6015625,82515.8984375,80575.0,81666.1015625,compass_local_day_vdat
2024-02-21,80636.8046875,85216.5,80636.8046875,83433.3046875,compass_local_day_vdat
2024-02-22,83521.1015625,85454.5,83521.1015625,84449.8984375,compass_local_day_vdat
2024-02-23,84973.3984375,86250.0,84672.203125,85917.8984375,compass_local_day_vdat
2024-02-26,86050.1015625,87992.703125,86050.1015625,86807.203125,compass_local_day_vdat
2024-02-27,86315.8046875,89416.0,86227.203125,89416.0,compass_local_day_vdat
2024-02-28,89644.1015625,92340.6015625,88263.3046875,88280.8984375,compass_local_day_vdat
2024-02-29,87753.3046875,92302.703125,87753.3046875,91997.1015625,compass_local_day_vdat
2024-03-01,92280.1015625,94424.203125,92280.1015625,93492.0,compass_local_day_vdat
2024-03-04,93898.8984375,95527.5,93696.6015625,94410.5,compass_local_day_vdat
2024-03-05,93470.203125,95300.1015625,93338.3984375,93786.703125,compass_local_day_vdat
2024-03-06,93331.8046875,95128.0,93187.5,93285.1015625,compass_local_day_vdat
2024-03-07,93644.703125,94725.1015625,91592.5,91595.1015625,compass_local_day_vdat
2024-03-08,92156.8984375,92915.3984375,91386.203125,91711.3046875,compass_local_day_vdat
2024-03-11,91595.6015625,93444.6015625,91595.6015625,93444.6015625,compass_local_day_vdat
2024-03-12,93696.1015625,95471.3046875,93686.3046875,94777.8984375,compass_local_day_vdat
2024-03-13,94786.5,96085.703125,94540.3046875,94829.5,compass_local_day_vdat
2024-03-14,94832.703125,96139.203125,93264.703125,93917.8046875,compass_local_day_vdat
2024-03-15,93794.8046875,94515.8984375,93159.8046875,94197.6015625,compass_local_day_vdat
2024-03-18,94772.5,96998.6015625,94772.5,96731.6015625,compass_local_day_vdat
2024-03-19,96367.0,98332.1015625,96070.703125,96101.6015625,compass_local_day_vdat
2024-03-20,96017.8984375,97402.3046875,96017.8984375,96287.8046875,compass_local_day_vdat
2024-03-21,96744.3984375,97936.0,96019.6015625,96108.6015625,compass_local_day_vdat
2024-03-22,95859.203125,96420.3046875,95206.0,95234.0,compass_local_day_vdat
2024-03-25,95182.5,96346.0,92981.0,93009.203125,compass_local_day_vdat
2024-03-26,93241.203125,93938.703125,91518.5,92065.5,compass_local_day_vdat
2024-03-27,91780.0,91933.5,88323.1015625,88350.3984375,compass_local_day_vdat
2024-03-28,88453.3046875,91476.3046875,88453.3046875,89862.1015625,compass_local_day_vdat
2024-03-29,89814.1015625,90869.8984375,89246.3984375,89556.8984375,compass_local_day_vdat
2024-04-01,89578.3984375,92733.203125,89578.3984375,91558.8984375,compass_local_day_vdat
2024-04-02,91562.1015625,92278.8046875,90140.203125,90621.3984375,compass_local_day_vdat
2024-04-03,90383.703125,91000.6015625,89298.8046875,89369.0,compass_local_day_vdat
2024-04-08,89225.203125,90717.8984375,87981.6015625,88003.0,compass_local_day_vdat
2024-04-09,87957.3046875,88984.8984375,87452.3046875,87609.5,compass_local_day_vdat
2024-04-10,87318.1015625,87766.3984375,85180.703125,85337.5,compass_local_day_vdat
2024-04-11,85335.703125,86669.5,84684.3984375,84768.5,compass_local_day_vdat
2024-04-12,84887.8046875,85740.3046875,83472.5,83655.6015625,compass_local_day_vdat
2024-04-15,83576.3046875,85721.203125,82899.8046875,84031.3984375,compass_local_day_vdat
2024-04-16,83269.3984375,83532.3046875,81243.8046875,81329.0,compass_local_day_vdat
2024-04-17,82394.1015625,85535.3984375,82394.1015625,85249.703125,compass_local_day_vdat
2024-04-18,84794.6015625,87514.703125,84786.5,85728.0,compass_local_day_vdat
2024-04-19,85216.1015625,86840.8046875,84686.8046875,84913.5,compass_local_day_vdat
2024-04-22,84449.0,86476.203125,83786.8046875,83806.1015625,compass_local_day_vdat
2024-04-23,83964.3046875,84651.8984375,82761.1015625,82804.3046875,compass_local_day_vdat
2024-04-24,83079.0,84519.703125,83019.8984375,83576.3984375,compass_local_day_vdat
2024-04-25,83196.1015625,84928.8046875,82834.8046875,82886.3046875,compass_local_day_vdat
2024-04-26,83299.5,86348.8984375,83299.5,86346.8046875,compass_local_day_vdat
2024-04-29,86635.8984375,90867.5,86635.8984375,90655.8984375,compass_local_day_vdat
2024-04-30,90817.0,92310.703125,90580.3984375,90648.3046875,compass_local_day_vdat
2024-05-06,92256.3046875,94440.6015625,92256.3046875,93664.0,compass_local_day_vdat
2024-05-07,93744.3984375,95232.5,93608.5,93778.8984375,compass_local_day_vdat
2024-05-08,93181.0,94158.8984375,91621.1015625,91666.203125,compass_local_day_vdat
2024-05-09,91652.703125,93494.8984375,91652.703125,92391.0,compass_local_day_vdat
2024-05-10,92510.0,93034.1015625,91427.8046875,91485.1015625,compass_local_day_vdat
2024-05-13,90814.1015625,92443.1015625,90440.203125,90626.8046875,compass_local_day_vdat
2024-05-14,90970.6015625,91821.3984375,89917.203125,90020.0,compass_local_day_vdat
2024-05-15,89791.3984375,90706.3984375,87760.703125,87858.203125,compass_local_day_vdat
2024-05-16,88090.3984375,89291.6015625,87305.5,87574.1015625,compass_local_day_vdat
2024-05-17,87557.3046875,88876.5,87365.3984375,88490.6015625,compass_local_day_vdat
2024-05-20,88733.0,90938.8046875,88733.0,89766.703125,compass_local_day_vdat
2024-05-21,89302.703125,90173.6015625,87838.0,87949.6015625,compass_local_day_vdat
2024-05-22,87924.0,88841.203125,87369.6015625,87450.6015625,compass_local_day_vdat
2024-05-23,87063.3984375,87557.5,85187.3046875,85331.8984375,compass_local_day_vdat
2024-05-24,85107.1015625,86238.1015625,83186.1015625,83240.3984375,compass_local_day_vdat
2024-05-27,83680.0,84193.8984375,82897.5,83414.6015625,compass_local_day_vdat
2024-05-28,83103.6015625,84327.203125,81591.8984375,81624.8984375,compass_local_day_vdat
2024-05-29,81797.203125,83005.6015625,80565.8046875,80705.8046875,compass_local_day_vdat
2024-05-30,80280.6015625,81424.3046875,79111.3984375,79267.8984375,compass_local_day_vdat
2024-05-31,79495.3984375,80556.3046875,78399.3046875,78577.5,compass_local_day_vdat
2024-06-03,78534.0,79983.6015625,77854.8046875,78343.703125,compass_local_day_vdat
2024-06-04,78001.8046875,78949.8046875,77668.1015625,78225.6015625,compass_local_day_vdat
2024-06-05,77898.203125,78937.6015625,76313.0,76335.3984375,compass_local_day_vdat
2024-06-06,76539.6015625,77365.1015625,75312.6015625,75518.5,compass_local_day_vdat
2024-06-07,76222.5,77072.203125,75256.8046875,75512.0,compass_local_day_vdat
2024-06-11,75056.3046875,76262.0,75056.3046875,75460.703125,compass_local_day_vdat
2024-06-12,75423.203125,76771.8046875,75407.703125,75448.6015625,compass_local_day_vdat
2024-06-13,75448.6015625,76558.0,74841.8046875,74977.8046875,compass_local_day_vdat
2024-06-14,74767.5,76022.5,74536.8984375,75981.6015625,compass_local_day_vdat
2024-06-17,75638.203125,77315.5,75638.203125,75935.203125,compass_local_day_vdat
2024-06-18,75952.8984375,77494.1015625,75952.8984375,76293.3984375,compass_local_day_vdat
2024-06-19,76393.1015625,76874.3046875,75046.5,75063.5,compass_local_day_vdat
2024-06-20,74901.8984375,75565.703125,73462.203125,73486.5,compass_local_day_vdat
2024-06-21,73154.703125,74374.5,72297.3046875,72395.703125,compass_local_day_vdat
2024-06-24,71887.8046875,72553.703125,70335.5,70456.0,compass_local_day_vdat
2024-06-25,70468.6015625,71312.703125,69015.8046875,69361.0,compass_local_day_vdat
2024-06-26,69300.0,70295.1015625,68965.1015625,70289.703125,compass_local_day_vdat
2024-06-27,69861.203125,70538.5,68397.0,68427.8046875,compass_local_day_vdat
2024-06-28,68293.703125,70357.1015625,68293.703125,69040.1015625,compass_local_day_vdat
2024-07-01,69224.6015625,69876.6015625,69219.703125,69501.8984375,compass_local_day_vdat
2024-07-02,69461.8046875,70530.8046875,68584.203125,68742.203125,compass_local_day_vdat
2024-07-03,68690.5,69114.0,67372.6015625,67409.703125,compass_local_day_vdat
2024-07-04,67614.0,68074.1015625,65614.8984375,65627.6015625,compass_local_day_vdat
2024-07-05,65502.0,66022.6015625,65082.30078125,65399.30078125,compass_local_day_vdat
2024-07-08,65399.30078125,65669.6015625,63703.90234375,63902.30078125,compass_local_day_vdat
2024-07-09,63838.69921875,66082.3046875,63767.30078125,66003.1015625,compass_local_day_vdat
2024-07-10,65657.203125,67429.8046875,65657.203125,65872.8046875,compass_local_day_vdat
2024-07-11,66861.8046875,68738.3046875,66745.203125,68225.8046875,compass_local_day_vdat
2024-07-12,67952.1015625,69186.1015625,67933.3046875,68024.703125,compass_local_day_vdat
2024-07-15,67773.5,68606.3046875,66786.703125,66919.5,compass_local_day_vdat
2024-07-16,66724.3984375,67597.703125,66724.3984375,67178.1015625,compass_local_day_vdat
2024-07-17,67101.703125,67613.3046875,66425.5,66432.5,compass_local_day_vdat
2024-07-18,65740.1015625,67156.6015625,65740.1015625,66748.5,compass_local_day_vdat
2024-07-19,66274.8046875,67910.703125,66274.8046875,66970.3046875,compass_local_day_vdat
2024-07-22,67090.3046875,68251.3984375,66898.3046875,67082.6015625,compass_local_day_vdat
2024-07-23,66993.1015625,67374.203125,65359.30078125,65394.19921875,compass_local_day_vdat
2024-07-24,65256.69921875,66039.3984375,64228.90234375,64391.80078125,compass_local_day_vdat
2024-07-25,63930.69921875,65272.80078125,63762.40234375,63835.6015625,compass_local_day_vdat
2024-07-26,63836.0,65360.90234375,63836.0,64374.6015625,compass_local_day_vdat
2024-07-29,64442.30078125,65264.6015625,63933.30078125,63958.6015625,compass_local_day_vdat
2024-07-30,63641.0,64753.19921875,63426.90234375,63601.80078125,compass_local_day_vdat
2024-07-31,63501.69921875,67631.3046875,63501.69921875,67631.3046875,compass_local_day_vdat
2024-08-01,67939.203125,69272.8984375,67939.203125,68214.8046875,compass_local_day_vdat
2024-08-02,67613.203125,69075.203125,67151.1015625,67267.8984375,compass_local_day_vdat
2024-08-05,66702.1015625,68458.3046875,66338.703125,66354.6015625,compass_local_day_vdat
2024-08-06,67431.703125,67997.3984375,66274.6015625,66874.6015625,compass_local_day_vdat
2024-08-07,66684.8984375,67685.8046875,66043.203125,66074.1015625,compass_local_day_vdat
2024-08-08,65770.8046875,66904.3046875,65202.69921875,65247.69921875,compass_local_day_vdat
2024-08-09,65802.203125,66288.703125,64066.0,64066.0,compass_local_day_vdat
2024-08-12,64049.6015625,64565.5,62322.40234375,62504.6015625,compass_local_day_vdat
2024-08-13,62566.30078125,63198.19921875,61135.69921875,61670.0,compass_local_day_vdat
2024-08-14,61653.80078125,61960.69921875,60107.19921875,60109.69921875,compass_local_day_vdat
2024-08-15,60056.5,61921.90234375,59915.80078125,60513.1015625,compass_local_day_vdat
2024-08-16,60629.5,61451.69921875,59976.40234375,60062.40234375,compass_local_day_vdat
2024-08-19,60010.19921875,61375.6015625,59644.5,59706.1015625,compass_local_day_vdat
2024-08-20,59719.19921875,59957.90234375,58380.0,58536.90234375,compass_local_day_vdat
2024-08-21,58260.0,59099.40234375,57618.40234375,57685.0,compass_local_day_vdat
2024-08-22,57731.5,58125.0,56550.0,56672.1015625,compass_local_day_vdat
2024-08-23,56535.40234375,57221.69921875,56128.19921875,56151.40234375,compass_local_day_vdat
2024-08-26,56390.0,57374.69921875,56075.69921875,56162.69921875,compass_local_day_vdat
2024-08-27,55868.19921875,56360.1015625,54906.5,55041.30078125,compass_local_day_vdat
2024-08-28,54845.6015625,55829.1015625,54508.5,54586.90234375,compass_local_day_vdat
2024-08-29,54278.40234375,56123.0,54278.40234375,55694.1015625,compass_local_day_vdat
2024-08-30,55836.5,59736.80078125,55836.5,59490.69921875,compass_local_day_vdat
2024-09-02,59440.1015625,60529.30078125,59226.90234375,59260.40234375,compass_local_day_vdat
2024-09-03,59241.69921875,60768.6015625,59241.69921875,59681.90234375,compass_local_day_vdat
2024-09-04,59389.6015625,60423.80078125,58843.90234375,58926.1015625,compass_local_day_vdat
2024-09-05,59077.6015625,60152.80078125,58711.30078125,58799.69921875,compass_local_day_vdat
2024-09-06,58802.40234375,59506.90234375,57546.1015625,57579.0,compass_local_day_vdat
2024-09-09,57347.69921875,58378.69921875,56656.19921875,56817.80078125,compass_local_day_vdat
2024-09-10,56811.30078125,57123.69921875,56248.6015625,56710.19921875,compass_local_day_vdat
2024-09-11,56402.6015625,57306.69921875,55918.80078125,56087.1015625,compass_local_day_vdat
2024-09-12,56331.1015625,57164.30078125,55485.69921875,55508.6015625,compass_local_day_vdat
2024-09-13,55508.30078125,56286.90234375,54691.40234375,54743.80078125,compass_local_day_vdat
2024-09-18,54755.5,55231.30078125,54050.69921875,54247.6015625,compass_local_day_vdat
2024-09-19,54255.30078125,56789.19921875,54255.30078125,55867.1015625,compass_local_day_vdat
2024-09-20,55841.0,56599.5,55561.80078125,56057.1015625,compass_local_day_vdat
2024-09-23,56018.30078125,57290.69921875,55983.30078125,56108.0,compass_local_day_vdat
2024-09-24,56604.80078125,61644.1015625,56604.80078125,61644.1015625,compass_local_day_vdat
2024-09-25,62196.80078125,67172.3046875,62196.80078125,66632.3984375,compass_local_day_vdat
2024-09-26,66479.8046875,73206.0,66479.8046875,73206.0,compass_local_day_vdat
2024-09-27,75077.3046875,82601.8984375,75077.3046875,82601.8984375,compass_local_day_vdat
2024-09-30,87276.5,105609.203125,87276.5,105609.203125,compass_local_day_vdat
2024-10-08,119150.3046875,132256.90625,118610.1015625,132256.90625,compass_local_day_vdat
2024-10-09,127424.203125,140071.40625,125674.3046875,133169.703125,compass_local_day_vdat
2024-10-10,135332.109375,141295.40625,132716.90625,136360.703125,compass_local_day_vdat
2024-10-11,134701.609375,136193.90625,130079.6015625,131699.796875,compass_local_day_vdat
2024-10-14,132799.5,137509.609375,132041.203125,136502.40625,compass_local_day_vdat
2024-10-15,134694.703125,140110.203125,133625.203125,133626.90625,compass_local_day_vdat
2024-10-16,131857.5,135883.296875,131201.109375,131918.703125,compass_local_day_vdat
2024-10-17,133425.703125,135476.90625,130336.3984375,130428.1015625,compass_local_day_vdat
2024-10-18,130348.5,141578.40625,130146.5,139167.40625,compass_local_day_vdat
2024-10-21,140184.90625,146970.90625,140121.109375,144396.703125,compass_local_day_vdat
2024-10-22,143993.203125,147690.296875,143993.203125,145463.90625,compass_local_day_vdat
2024-10-23,145424.703125,149137.203125,144766.0,146161.703125,compass_local_day_vdat
2024-10-24,145714.703125,147095.796875,142973.703125,143162.109375,compass_local_day_vdat
2024-10-25,143997.109375,147893.796875,143866.0,145305.90625,compass_local_day_vdat
2024-10-28,145710.703125,149562.109375,145648.109375,148145.203125,compass_local_day_vdat
2024-10-29,149048.203125,152171.5,147558.609375,147626.40625,compass_local_day_vdat
2024-10-30,147011.296875,150516.703125,147011.296875,148013.5,compass_local_day_vdat
2024-10-31,148663.90625,154032.203125,148506.109375,152218.40625,compass_local_day_vdat
2024-11-01,151785.0,154772.203125,149604.109375,149611.703125,compass_local_day_vdat
2024-11-04,149339.90625,153579.203125,149339.90625,151049.203125,compass_local_day_vdat
2024-11-05,151102.5,159146.0,151076.5,158826.0,compass_local_day_vdat
2024-11-06,159836.5,165100.90625,159836.5,162712.796875,compass_local_day_vdat
2024-11-07,160920.40625,169428.40625,160920.40625,169428.40625,compass_local_day_vdat
2024-11-08,172197.5,176576.5,171741.5,172519.5,compass_local_day_vdat
2024-11-11,171857.40625,178330.5,171857.40625,177874.109375,compass_local_day_vdat
2024-11-12,178237.0,181610.296875,175508.796875,177343.5,compass_local_day_vdat
2024-11-13,177328.796875,179150.703125,174770.0,175899.0,compass_local_day_vdat
2024-11-14,175716.796875,176694.5,168059.109375,168309.296875,compass_local_day_vdat
2024-11-15,168270.296875,170430.703125,162011.90625,162051.609375,compass_local_day_vdat
2024-11-18,163496.0,164884.40625,156269.296875,157165.90625,compass_local_day_vdat
2024-11-19,157496.796875,159695.0,153311.609375,157935.609375,compass_local_day_vdat
2024-11-20,157209.609375,160375.40625,157209.609375,157938.296875,compass_local_day_vdat
2024-11-21,157488.40625,159568.109375,154849.609375,155565.203125,compass_local_day_vdat
2024-11-22,155109.0,156811.40625,149106.796875,149170.109375,compass_local_day_vdat
2024-11-25,150115.5,150684.109375,145005.90625,147162.0,compass_local_day_vdat
2024-11-26,146566.5,148822.40625,142089.5,142163.40625,compass_local_day_vdat
2024-11-27,142057.609375,143796.703125,140367.5,143200.296875,compass_local_day_vdat
2024-11-28,143318.609375,145241.296875,140482.796875,140673.109375,compass_local_day_vdat
2024-11-29,140639.296875,145092.296875,140398.703125,142783.40625,compass_local_day_vdat
2024-12-02,142989.0,147605.90625,142989.0,145709.203125,compass_local_day_vdat
2024-12-03,145932.609375,147401.5,144438.703125,144954.109375,compass_local_day_vdat
2024-12-04,144943.609375,146181.40625,141577.90625,142268.703125,compass_local_day_vdat
2024-12-05,141775.703125,144542.296875,141509.5,141868.0,compass_local_day_vdat
2024-12-06,142097.609375,145423.109375,142097.609375,143317.609375,compass_local_day_vdat
2024-12-09,143310.703125,145567.203125,141568.796875,141818.5,compass_local_day_vdat
2024-12-10,147003.109375,149857.296875,145480.203125,145857.90625,compass_local_day_vdat
2024-12-11,145312.296875,148440.40625,145312.296875,146748.40625,compass_local_day_vdat
2024-12-12,146737.703125,149118.5,146737.703125,148199.0,compass_local_day_vdat
2024-12-13,146944.703125,149205.203125,146723.796875,147010.5,compass_local_day_vdat
2024-12-16,147302.5,148476.5,144051.296875,144681.796875,compass_local_day_vdat
2024-12-17,144256.5,145281.0,139376.40625,139505.5,compass_local_day_vdat
2024-12-18,139520.703125,141243.203125,137756.296875,138170.609375,compass_local_day_vdat
2024-12-19,136580.90625,138799.203125,136580.90625,136743.109375,compass_local_day_vdat
2024-12-20,136453.796875,139120.796875,136398.296875,136637.609375,compass_local_day_vdat
2024-12-23,136574.796875,137540.109375,132086.296875,132127.109375,compass_local_day_vdat
2024-12-24,132886.90625,134145.109375,130642.3046875,131643.0,compass_local_day_vdat
2024-12-25,131452.90625,131667.703125,127742.203125,128136.3984375,compass_local_day_vdat
2024-12-26,128003.8046875,130347.1015625,127775.3046875,127977.6015625,compass_local_day_vdat
2024-12-27,128048.8984375,130530.0,127331.203125,127434.203125,compass_local_day_vdat
2024-12-30,127435.5,129072.0,125361.3984375,125551.0,compass_local_day_vdat
2024-12-31,125712.1015625,126018.203125,121367.5,121405.8984375,compass_local_day_vdat
2025-01-02,121246.3984375,122712.8046875,117546.8984375,118723.8046875,compass_local_day_vdat
2025-01-03,119194.203125,119681.203125,114169.703125,114395.8984375,compass_local_day_vdat
2025-01-06,114169.703125,116288.8984375,111313.6015625,112041.5,compass_local_day_vdat
2025-01-07,112150.8046875,113921.8046875,111270.3046875,112919.8984375,compass_local_day_vdat
2025-01-08,112072.6015625,113621.8984375,109918.6015625,112561.1015625,compass_local_day_vdat
2025-01-09,112264.8984375,114320.0,111432.5,111432.5,compass_local_day_vdat
2025-01-10,111318.5,112715.6015625,107812.703125,107813.6015625,compass_local_day_vdat
2025-01-13,106390.8984375,109204.3984375,105256.0,105852.203125,compass_local_day_vdat
2025-01-14,106520.203125,111580.5,106191.8984375,111580.5,compass_local_day_vdat
2025-01-15,111334.0,113174.8984375,109966.3984375,110204.203125,compass_local_day_vdat
2025-01-16,111055.703125,113638.6015625,110252.203125,110469.8046875,compass_local_day_vdat
2025-01-17,109906.8984375,111472.6015625,109515.3984375,109633.3984375,compass_local_day_vdat
2025-01-20,110761.3046875,112896.203125,109507.8984375,109932.8046875,compass_local_day_vdat
2025-01-21,110596.0,111228.3046875,109488.6015625,110001.8984375,compass_local_day_vdat
2025-01-22,109356.703125,110668.703125,107872.8046875,108216.8984375,compass_local_day_vdat
2025-01-23,108367.203125,112579.703125,108367.203125,108390.3046875,compass_local_day_vdat
2025-01-24,108234.8984375,110702.3984375,108234.8984375,109924.703125,compass_local_day_vdat
2025-01-27,110298.6015625,111312.8046875,107063.5,107063.5,compass_local_day_vdat
2025-02-05,108270.8046875,110094.703125,108211.8984375,108426.5,compass_local_day_vdat
2025-02-06,108167.3984375,113249.3046875,108167.3984375,113249.3046875,compass_local_day_vdat
2025-02-07,113409.703125,119626.5,113409.703125,119402.5,compass_local_day_vdat
2025-02-10,120073.1015625,123248.3046875,119972.703125,123248.3046875,compass_local_day_vdat
2025-02-11,123183.703125,125351.703125,122996.6015625,123740.8984375,compass_local_day_vdat
2025-02-12,123426.1015625,126761.1015625,123426.1015625,126761.1015625,compass_local_day_vdat
2025-02-13,126657.6015625,128914.203125,126657.6015625,127117.203125,compass_local_day_vdat
2025-02-14,127212.1015625,129482.8984375,127212.1015625,128676.8046875,compass_local_day_vdat
2025-02-17,129886.703125,133417.109375,129873.0,132186.40625,compass_local_day_vdat
2025-02-18,131659.5,133437.0,129451.203125,130077.3046875,compass_local_day_vdat
2025-02-19,130198.3984375,134103.90625,130198.3984375,133697.0,compass_local_day_vdat
2025-02-20,134298.90625,136947.40625,134298.90625,135330.296875,compass_local_day_vdat
2025-02-21,136189.296875,141436.90625,136189.296875,141183.203125,compass_local_day_vdat
2025-02-24,141048.203125,145256.0,140867.796875,143052.0,compass_local_day_vdat
2025-02-25,140524.5,144885.796875,140524.5,142605.796875,compass_local_day_vdat
2025-02-26,143292.5,146011.203125,142993.5,145079.703125,compass_local_day_vdat
2025-02-27,145084.203125,146914.609375,143614.203125,145414.0,compass_local_day_vdat
2025-02-28,144389.609375,145185.296875,139826.609375,140370.703125,compass_local_day_vdat
2025-03-03,141296.296875,144425.109375,138658.703125,139580.296875,compass_local_day_vdat
2025-03-04,138223.796875,141015.796875,138223.796875,139091.5,compass_local_day_vdat
2025-03-05,139290.0,140621.203125,138271.609375,138593.40625,compass_local_day_vdat
2025-03-06,139178.109375,143704.5,139178.109375,142652.90625,compass_local_day_vdat
2025-03-07,142008.703125,144802.5,140906.109375,141813.109375,compass_local_day_vdat
2025-03-10,142095.0,143423.5,140153.796875,140342.40625,compass_local_day_vdat
2025-03-11,138622.703125,141553.609375,138272.90625,139409.296875,compass_local_day_vdat
2025-03-12,140288.109375,142001.796875,139358.609375,139404.609375,compass_local_day_vdat
2025-03-13,139175.40625,139853.609375,136012.109375,136728.0,compass_local_day_vdat
2025-03-14,136639.796875,140859.796875,136501.0,140625.5,compass_local_day_vdat
2025-03-17,141248.109375,143707.40625,140242.296875,140498.109375,compass_local_day_vdat
2025-03-18,141074.109375,142952.296875,139781.609375,140014.203125,compass_local_day_vdat
2025-03-19,139388.90625,140625.0,137235.203125,137734.40625,compass_local_day_vdat
2025-03-20,137442.40625,138845.0,135430.296875,135613.109375,compass_local_day_vdat
2025-03-21,134990.40625,136429.703125,132295.109375,132520.5,compass_local_day_vdat
2025-03-24,132647.296875,133364.40625,128733.0,130974.203125,compass_local_day_vdat
2025-03-25,130722.203125,132032.296875,127414.8046875,127798.8046875,compass_local_day_vdat
2025-03-26,127579.703125,130115.6015625,126175.3984375,126229.3046875,compass_local_day_vdat
2025-03-27,125761.8046875,127886.703125,123891.8046875,123981.6015625,compass_local_day_vdat
2025-03-28,123982.5,125092.203125,120870.5,120881.8046875,compass_local_day_vdat
2025-03-31,120675.8046875,121468.8984375,118195.1015625,119045.0,compass_local_day_vdat
2025-04-01,119548.3046875,121327.3984375,118027.3984375,118092.5,compass_local_day_vdat
2025-04-02,118071.6015625,119733.3046875,115663.8046875,115880.203125,compass_local_day_vdat
2025-04-03,115028.3984375,117151.6015625,113728.203125,113744.5,compass_local_day_vdat
2025-04-07,107519.1015625,109446.8984375,104364.8984375,105722.203125,compass_local_day_vdat
2025-04-08,105292.3046875,109957.0,105292.3046875,109957.0,compass_local_day_vdat
2025-04-09,107776.8046875,116588.703125,106100.8984375,116313.3984375,compass_local_day_vdat
2025-04-10,119199.6015625,123984.3984375,119178.3046875,121111.203125,compass_local_day_vdat
2025-04-11,120405.703125,123650.5,120405.703125,122032.203125,compass_local_day_vdat
2025-04-14,123694.6015625,125999.1015625,122765.5,122889.1015625,compass_local_day_vdat
2025-04-15,122795.5,123307.703125,120003.3046875,120345.6015625,compass_local_day_vdat
2025-04-16,120000.703125,120683.5,116502.703125,117571.5,compass_local_day_vdat
2025-04-17,116867.3046875,119318.1015625,115368.3046875,115458.703125,compass_local_day_vdat
2025-04-18,115258.3046875,115866.6015625,112343.703125,112518.5,compass_local_day_vdat
2025-04-21,112389.203125,114587.1015625,112290.8046875,112996.8046875,compass_local_day_vdat
2025-04-22,113016.5,114386.0,111564.6015625,111599.6015625,compass_local_day_vdat
2025-04-23,112536.203125,113815.5,111956.1015625,112011.203125,compass_local_day_vdat
2025-04-24,111828.3046875,113433.0,109877.203125,110013.1015625,compass_local_day_vdat
2025-04-25,110358.703125,111857.1015625,109441.3984375,109493.0,compass_local_day_vdat
2025-04-28,109456.203125,110542.6015625,107467.3046875,107479.5,compass_local_day_vdat
2025-04-29,107175.3046875,109380.203125,106671.703125,106803.1015625,compass_local_day_vdat
2025-04-30,106985.3984375,109207.6015625,106985.3984375,107598.3046875,compass_local_day_vdat
2025-05-06,108702.203125,111778.703125,108702.203125,111401.5,compass_local_day_vdat
2025-05-07,113307.6015625,114854.8046875,112505.1015625,113464.0,compass_local_day_vdat
2025-05-08,113002.3984375,115721.3984375,113002.3984375,114388.3046875,compass_local_day_vdat
2025-05-09,114134.203125,115118.6015625,112275.203125,112382.3984375,compass_local_day_vdat
2025-05-12,113466.5,116043.3046875,113414.8046875,114623.1015625,compass_local_day_vdat
2025-05-13,115724.1015625,117160.5,114100.3984375,114321.0,compass_local_day_vdat
2025-05-14,114321.8984375,116001.3984375,114270.1015625,115190.5,compass_local_day_vdat
2025-05-15,114739.203125,115733.6015625,112458.703125,112517.8046875,compass_local_day_vdat
2025-05-16,112204.703125,114041.6015625,111462.6015625,111555.703125,compass_local_day_vdat
2025-05-19,111559.5,112510.8046875,110605.3984375,110729.1015625,compass_local_day_vdat
2025-05-20,110888.6015625,112299.6015625,110731.1015625,110875.6015625,compass_local_day_vdat
2025-05-21,110622.203125,111992.8984375,109984.203125,110080.5,compass_local_day_vdat
2025-05-22,109677.1015625,111253.203125,107942.3046875,108079.6015625,compass_local_day_vdat
2025-05-23,107812.0,109451.5,106511.0,106633.8984375,compass_local_day_vdat
2025-05-26,106633.5,108236.8984375,105774.8984375,106018.8046875,compass_local_day_vdat
2025-05-27,105826.3046875,106493.703125,104198.5,104325.3984375,compass_local_day_vdat
2025-05-28,104421.8984375,105233.5,102646.8984375,102745.8984375,compass_local_day_vdat
2025-05-29,102748.0,105631.5,102748.0,104462.3984375,compass_local_day_vdat
2025-05-30,104114.8046875,105050.6015625,102749.8984375,102945.5,compass_local_day_vdat
2025-06-03,102669.203125,105374.203125,102669.203125,103736.6015625,compass_local_day_vdat
2025-06-04,103912.8046875,105865.703125,103912.8046875,104614.8984375,compass_local_day_vdat
2025-06-05,104704.6015625,106110.5,104703.0,106062.5,compass_local_day_vdat
2025-06-06,105989.5,107404.3046875,105369.703125,105562.3984375,compass_local_day_vdat
2025-06-09,105950.3046875,108799.703125,105950.3046875,107672.8984375,compass_local_day_vdat
2025-06-10,107700.5,109005.5,107511.703125,108323.203125,compass_local_day_vdat
2025-06-11,108485.8984375,110783.3984375,108485.8984375,109049.1015625,compass_local_day_vdat
2025-06-12,108656.5,110801.203125,108656.5,109630.3046875,compass_local_day_vdat
2025-06-13,109319.8046875,110668.3984375,109319.8046875,109980.1015625,compass_local_day_vdat
2025-06-16,109758.0,112614.0,109758.0,110794.0,compass_local_day_vdat
2025-06-17,110977.0,112218.6015625,109735.8984375,110031.8984375,compass_local_day_vdat
2025-06-18,109758.8984375,110828.203125,109350.8984375,109404.6015625,compass_local_day_vdat
2025-06-19,109193.5,110189.8984375,107339.203125,107661.6015625,compass_local_day_vdat
2025-06-20,107569.6015625,108515.1015625,105553.6015625,105763.703125,compass_local_day_vdat
2025-06-23,105466.1015625,107714.0,105466.1015625,106710.6015625,compass_local_day_vdat
2025-06-24,106701.3984375,110672.8984375,106701.3984375,109877.5,compass_local_day_vdat
2025-06-25,110190.6015625,113897.3984375,110190.6015625,113817.6015625,compass_local_day_vdat
2025-06-26,113777.6015625,116708.203125,113777.6015625,115398.3984375,compass_local_day_vdat
2025-06-27,115786.6015625,118636.203125,115786.6015625,117183.5,compass_local_day_vdat
2025-06-30,117814.1015625,120454.5,117814.1015625,119755.203125,compass_local_day_vdat
2025-07-01,119850.8046875,121602.8984375,119802.3984375,120338.8046875,compass_local_day_vdat
2025-07-02,120006.5,121273.8046875,118914.5,119171.703125,compass_local_day_vdat
2025-07-03,119369.203125,120958.203125,119369.203125,119579.703125,compass_local_day_vdat
2025-07-04,119573.3046875,121302.5,119233.8046875,119434.0,compass_local_day_vdat
2025-07-07,119216.8046875,121054.8984375,118358.703125,118530.8046875,compass_local_day_vdat
2025-07-08,118516.6015625,121124.1015625,118516.6015625,120810.3984375,compass_local_day_vdat
2025-07-09,120923.203125,123228.5,120850.8046875,121306.8046875,compass_local_day_vdat
2025-07-10,121265.8046875,123194.703125,121265.8046875,122261.203125,compass_local_day_vdat
2025-07-11,122262.0,125967.203125,122262.0,125426.8984375,compass_local_day_vdat
2025-07-14,125629.203125,127860.0,125629.203125,125918.6015625,compass_local_day_vdat
2025-07-15,126008.8984375,128253.6015625,126008.8984375,127144.3046875,compass_local_day_vdat
2025-07-16,127133.6015625,129515.5,127123.3046875,127335.6015625,compass_local_day_vdat
2025-07-17,127348.3046875,129699.3046875,127348.3046875,129536.6015625,compass_local_day_vdat
2025-07-18,129895.3984375,132236.90625,129895.3984375,130529.703125,compass_local_day_vdat
2025-07-21,130832.1015625,134131.796875,130832.1015625,133520.609375,compass_local_day_vdat
2025-07-22,133527.296875,136944.609375,133527.296875,136936.5,compass_local_day_vdat
2025-07-23,136959.109375,140095.796875,136900.5,138722.109375,compass_local_day_vdat
2025-07-24,138979.109375,142706.203125,138979.109375,142630.5,compass_local_day_vdat
2025-07-25,142961.0,145385.796875,142961.0,144062.109375,compass_local_day_vdat
2025-07-28,144425.796875,147464.203125,144378.5,145981.109375,compass_local_day_vdat
2025-07-29,145850.90625,148306.296875,145850.90625,148110.90625,compass_local_day_vdat
2025-07-30,147726.40625,150148.109375,147191.796875,148188.703125,compass_local_day_vdat
2025-07-31,148146.109375,150709.109375,147698.40625,148448.796875,compass_local_day_vdat
2025-08-01,148448.5,150568.796875,147179.109375,147273.90625,compass_local_day_vdat
2025-08-04,146602.90625,149088.5,146602.90625,147321.40625,compass_local_day_vdat
2025-08-05,147959.796875,149809.609375,147314.203125,147676.796875,compass_local_day_vdat
2025-08-06,147475.609375,149930.0,147475.609375,148912.0,compass_local_day_vdat
2025-08-07,149265.609375,151103.40625,149265.609375,149519.203125,compass_local_day_vdat
2025-08-08,149262.296875,151495.90625,148814.0,148938.0,compass_local_day_vdat
2025-08-11,149440.90625,152857.90625,149440.90625,151689.203125,compass_local_day_vdat
2025-08-12,152191.609375,154513.203125,152191.609375,153339.296875,compass_local_day_vdat
2025-08-13,153638.609375,158018.703125,153638.609375,158018.703125,compass_local_day_vdat
2025-08-14,158191.90625,161501.703125,158190.296875,158891.296875,compass_local_day_vdat
2025-08-15,158855.203125,164300.203125,158855.203125,164299.0,compass_local_day_vdat
2025-08-18,165633.609375,173341.203125,165633.609375,172964.0,compass_local_day_vdat
2025-08-19,172907.703125,177819.5,172879.609375,176210.796875,compass_local_day_vdat
2025-08-20,175060.5,179231.703125,174756.90625,179231.703125,compass_local_day_vdat
2025-08-21,180000.796875,183042.296875,178849.40625,179874.796875,compass_local_day_vdat
2025-08-22,180047.109375,185830.203125,180047.109375,185830.203125,compass_local_day_vdat
2025-08-25,188271.109375,195632.796875,188271.109375,195554.109375,compass_local_day_vdat
2025-08-26,194437.0,199144.796875,194437.0,196921.796875,compass_local_day_vdat
2025-08-27,197541.90625,202471.90625,197541.90625,198303.203125,compass_local_day_vdat
2025-08-28,198300.796875,205870.203125,198300.796875,205816.90625,compass_local_day_vdat
2025-08-29,205720.203125,211089.296875,205291.703125,207932.5,compass_local_day_vdat
2025-09-01,209425.609375,213327.5,209425.609375,211616.40625,compass_local_day_vdat
2025-09-02,211441.609375,213128.40625,207467.703125,208625.796875,compass_local_day_vdat
2025-09-03,209339.90625,210996.90625,203383.296875,204390.296875,compass_local_day_vdat
2025-09-04,205002.296875,206840.40625,196348.296875,199234.609375,compass_local_day_vdat
2025-09-05,199511.703125,204187.5,198721.796875,204177.5,compass_local_day_vdat
2025-09-08,204713.609375,208435.90625,204566.609375,204945.796875,compass_local_day_vdat
2025-09-09,203789.90625,206700.296875,199950.109375,200049.5,compass_local_day_vdat
2025-09-10,200425.5,203600.203125,197820.609375,197825.0,compass_local_day_vdat
2025-09-11,197809.109375,204477.0,197248.296875,203437.796875,compass_local_day_vdat
2025-09-12,203508.609375,207995.609375,203340.796875,203862.796875,compass_local_day_vdat
2025-09-15,204519.0,207707.5,202427.203125,202576.296875,compass_local_day_vdat
2025-09-16,203319.0,205996.90625,203275.203125,203742.796875,compass_local_day_vdat
2025-09-17,203337.296875,207128.109375,203337.296875,204472.90625,compass_local_day_vdat
2025-09-18,204396.296875,210104.0,204028.109375,206921.203125,compass_local_day_vdat
2025-09-19,207098.109375,209853.0,203894.703125,204085.203125,compass_local_day_vdat
2025-09-22,204797.796875,207472.0,202910.703125,203763.5,compass_local_day_vdat
2025-09-23,204575.40625,205831.90625,198777.0,202295.203125,compass_local_day_vdat
2025-09-24,202229.109375,205546.703125,200529.296875,204139.5,compass_local_day_vdat
2025-09-25,204052.203125,208432.609375,203628.5,203665.5,compass_local_day_vdat
2025-09-26,202750.203125,205280.796875,198120.0,198137.296875,compass_local_day_vdat
2025-09-29,198898.703125,202273.40625,198898.703125,200086.203125,compass_local_day_vdat
2025-09-30,201068.5,204161.203125,200109.40625,200276.90625,compass_local_day_vdat
2025-10-09,202089.0,208166.796875,202089.0,205121.0,compass_local_day_vdat
2025-10-10,204035.703125,207384.296875,200619.703125,201434.609375,compass_local_day_vdat
2025-10-13,194712.296875,203680.203125,194712.296875,201365.0,compass_local_day_vdat
2025-10-14,203405.296875,206259.796875,197005.90625,197984.0,compass_local_day_vdat
2025-10-15,198620.609375,201573.0,197855.609375,199405.609375,compass_local_day_vdat
2025-10-16,198510.796875,201565.203125,194749.796875,195391.90625,compass_local_day_vdat
2025-10-17,195139.296875,196219.109375,187114.40625,187406.40625,compass_local_day_vdat
2025-10-20,190111.609375,193147.296875,185493.5,186208.40625,compass_local_day_vdat
2025-10-21,186973.296875,190574.5,186847.703125,187849.203125,compass_local_day_vdat
2025-10-22,186343.203125,189260.296875,183309.796875,183473.0,compass_local_day_vdat
2025-10-23,182817.5,183173.0,178920.296875,180214.109375,compass_local_day_vdat
2025-10-24,181464.40625,184907.296875,181464.40625,182580.5,compass_local_day_vdat
2025-10-27,184935.203125,188918.109375,184935.203125,187237.5,compass_local_day_vdat
2025-10-28,187237.109375,190402.90625,186206.296875,186641.703125,compass_local_day_vdat
2025-10-29,186737.90625,190770.609375,186737.90625,189960.296875,compass_local_day_vdat
2025-10-30,189302.40625,193183.609375,189031.296875,189107.796875,compass_local_day_vdat
2025-10-31,189302.203125,193761.0,188634.796875,188737.296875,compass_local_day_vdat
2025-11-03,188766.703125,190514.90625,188703.109375,189120.40625,compass_local_day_vdat
2025-11-04,188807.796875,190481.90625,184122.0,185029.90625,compass_local_day_vdat
2025-11-05,182057.796875,185836.296875,182057.796875,184053.796875,compass_local_day_vdat
2025-11-06,184743.0,188303.40625,184743.0,185820.5,compass_local_day_vdat
2025-11-07,184997.109375,187764.5,183995.109375,184095.0,compass_local_day_vdat
2025-11-10,184104.90625,187347.109375,184104.90625,184696.203125,compass_local_day_vdat
2025-11-11,184916.609375,187066.703125,182082.609375,182412.0,compass_local_day_vdat
2025-11-12,181749.0,184265.203125,179849.296875,180087.796875,compass_local_day_vdat
2025-11-13,180073.40625,184135.609375,180059.203125,182342.0,compass_local_day_vdat
2025-11-14,180768.796875,183927.0,178449.296875,178453.109375,compass_local_day_vdat
2025-11-17,179038.90625,181255.40625,177643.5,177823.0,compass_local_day_vdat
2025-11-18,177336.609375,179232.5,173961.796875,174498.796875,compass_local_day_vdat
2025-11-19,174443.90625,175689.796875,171395.609375,171411.296875,compass_local_day_vdat
2025-11-20,172954.109375,173966.796875,167900.203125,168003.5,compass_local_day_vdat
2025-11-21,165675.5,166996.90625,162022.5,162064.703125,compass_local_day_vdat
2025-11-24,163258.703125,164083.203125,161632.203125,162328.609375,compass_local_day_vdat
2025-11-25,163772.796875,168184.296875,163772.796875,164198.90625,compass_local_day_vdat
2025-11-26,163822.109375,166821.0,163230.40625,163538.203125,compass_local_day_vdat
2025-11-27,163749.609375,167365.609375,161788.0,161991.203125,compass_local_day_vdat
2025-11-28,161899.796875,164089.90625,161154.5,161474.40625,compass_local_day_vdat
2025-12-01,162233.109375,165170.609375,162216.203125,163157.296875,compass_local_day_vdat
2025-12-02,162579.796875,164092.296875,159863.703125,160062.5,compass_local_day_vdat
2025-12-03,160080.40625,161281.109375,156958.0,157172.703125,compass_local_day_vdat
2025-12-04,157271.5,159022.296875,154947.90625,155070.796875,compass_local_day_vdat
2025-12-05,155097.609375,157131.5,154921.703125,156805.0,compass_local_day_vdat
2025-12-08,157404.0,162248.5,157404.0,160928.609375,compass_local_day_vdat
2025-12-09,160352.90625,163732.296875,160335.5,160605.296875,compass_local_day_vdat
2025-12-10,160265.109375,162122.5,159912.796875,160266.296875,compass_local_day_vdat
2025-12-11,160574.109375,162251.609375,157646.0,157748.109375,compass_local_day_vdat
2025-12-12,157886.703125,160993.109375,157886.703125,160851.203125,compass_local_day_vdat
2025-12-15,159599.5,163197.796875,158719.296875,158842.5,compass_local_day_vdat
2025-12-16,158433.109375,158757.0,155209.40625,155265.109375,compass_local_day_vdat
2025-12-17,155405.0,158181.5,155168.0,157985.796875,compass_local_day_vdat
2025-12-18,157983.796875,160265.796875,155753.5,155759.296875,compass_local_day_vdat
2025-12-19,155935.5,159382.296875,155935.5,156424.703125,compass_local_day_vdat
2025-12-22,157714.703125,161286.90625,157714.703125,159089.796875,compass_local_day_vdat
2025-12-23,159315.296875,161786.0,158554.40625,159261.796875,compass_local_day_vdat
2025-12-24,159346.296875,162193.0,159346.296875,161397.109375,compass_local_day_vdat
2025-12-25,161316.109375,163898.796875,161316.109375,162665.5,compass_local_day_vdat
2025-12-26,162878.0,166635.109375,162872.0,164975.203125,compass_local_day_vdat
2025-12-29,165100.796875,168614.0,165044.40625,165964.5,compass_local_day_vdat
2025-12-30,164976.109375,168891.203125,164976.109375,167177.296875,compass_local_day_vdat
2025-12-31,167646.0,169940.109375,167110.5,167340.609375,compass_local_day_vdat
2026-01-05,169063.109375,174667.0,169063.109375,174652.109375,compass_local_day_vdat
2026-01-06,174845.296875,182654.0,174845.296875,182540.90625,compass_local_day_vdat
2026-01-07,182539.703125,188619.703125,182539.703125,187754.703125,compass_local_day_vdat
2026-01-08,187164.296875,193156.796875,187164.296875,192139.0,compass_local_day_vdat
2026-01-09,192211.90625,200126.0,192211.90625,200107.609375,compass_local_day_vdat
2026-01-12,202464.40625,212766.90625,202464.40625,212766.90625,compass_local_day_vdat
2026-01-13,213403.0,218406.0,211577.609375,214982.703125,compass_local_day_vdat
2026-01-14,215964.296875,225099.40625,215964.296875,223771.796875,compass_local_day_vdat
2026-01-15,221702.703125,226432.796875,221432.5,222956.109375,compass_local_day_vdat
2026-01-16,224261.0,226991.796875,223829.296875,224082.0,compass_local_day_vdat
2026-01-19,223359.40625,229016.5,223359.40625,224590.296875,compass_local_day_vdat
2026-01-20,225169.90625,226451.203125,220981.296875,222259.0,compass_local_day_vdat
2026-01-21,221606.796875,227238.90625,221606.796875,223259.5,compass_local_day_vdat
2026-01-22,224388.703125,228052.109375,223932.109375,224712.5,compass_local_day_vdat
2026-01-23,225578.203125,230545.296875,225578.203125,230257.40625,compass_local_day_vdat
2026-01-26,231358.0,234848.0,229867.0,230492.5,compass_local_day_vdat
2026-01-27,229809.296875,233810.203125,229809.296875,231990.796875,compass_local_day_vdat
2026-01-28,232714.296875,235834.5,232714.296875,233316.796875,compass_local_day_vdat
2026-01-29,233219.90625,238379.796875,233094.609375,234283.90625,compass_local_day_vdat
2026-01-30,232223.40625,235301.40625,231176.90625,232085.796875,compass_local_day_vdat
2026-02-02,230396.703125,234066.40625,224113.40625,224140.296875,compass_local_day_vdat
2026-02-03,227355.703125,230038.0,227068.5,228628.5,compass_local_day_vdat
2026-02-04,228024.0,230914.609375,225110.109375,226406.703125,compass_local_day_vdat
2026-02-05,223813.109375,225950.703125,219222.90625,219222.90625,compass_local_day_vdat
2026-02-06,216813.0,222443.796875,215632.90625,215632.90625,compass_local_day_vdat
2026-02-09,219237.203125,222542.109375,217704.40625,217965.296875,compass_local_day_vdat
2026-02-10,218050.90625,220458.796875,214342.109375,214350.296875,compass_local_day_vdat
2026-02-11,213948.796875,216431.5,209695.90625,209747.609375,compass_local_day_vdat
2026-02-12,210152.296875,212931.703125,208675.109375,208858.0,compass_local_day_vdat
2026-02-13,207656.40625,210511.796875,202851.609375,203140.203125,compass_local_day_vdat
2026-02-24,206165.5,209579.796875,204357.296875,204400.40625,compass_local_day_vdat
2026-02-25,204843.109375,209105.90625,204828.5,207305.203125,compass_local_day_vdat
2026-02-26,207690.40625,211341.796875,207636.703125,209349.5,compass_local_day_vdat
2026-02-27,207773.109375,212595.0,207773.109375,210796.40625,compass_local_day_vdat
2026-03-02,209495.90625,215928.5,209495.90625,214151.40625,compass_local_day_vdat
2026-03-03,214776.109375,217220.703125,210207.296875,210566.296875,compass_local_day_vdat
2026-03-04,208356.296875,215985.296875,208356.296875,209324.703125,compass_local_day_vdat
2026-03-05,212925.609375,215802.90625,210011.703125,210648.5,compass_local_day_vdat
2026-03-06,209627.109375,213941.109375,209575.796875,209867.203125,compass_local_day_vdat
2026-03-09,207041.796875,211129.40625,206797.296875,209943.203125,compass_local_day_vdat
2026-03-10,212029.5,216465.703125,212029.5,212473.0,compass_local_day_vdat
2026-03-11,212926.0,216735.796875,212243.5,212401.90625,compass_local_day_vdat
2026-03-12,212200.5,214839.90625,210372.796875,210470.703125,compass_local_day_vdat
2026-03-13,209690.90625,213639.0,206363.609375,206959.0,compass_local_day_vdat
2026-03-16,206955.90625,209061.203125,205649.109375,206155.796875,compass_local_day_vdat
2026-03-17,206631.0,208785.0,200154.203125,200231.296875,compass_local_day_vdat
2026-03-18,201281.109375,202732.703125,199311.90625,200538.296875,compass_local_day_vdat
2026-03-19,198044.40625,200584.90625,193929.0,194819.296875,compass_local_day_vdat
2026-03-20,196100.109375,198394.40625,191743.5,191989.90625,compass_local_day_vdat
2026-03-23,188681.90625,194448.5,185076.109375,186349.40625,compass_local_day_vdat
2026-03-24,189075.40625,190823.796875,186657.5,190154.40625,compass_local_day_vdat
2026-03-25,191987.609375,197757.609375,191987.609375,193470.796875,compass_local_day_vdat
2026-03-26,192776.40625,195394.109375,187588.5,188101.203125,compass_local_day_vdat
2026-03-27,185796.609375,191012.90625,185796.609375,187771.90625,compass_local_day_vdat
2026-03-30,186257.296875,189356.109375,186121.703125,186232.296875,compass_local_day_vdat
2026-03-31,185575.609375,189066.703125,181580.0,181580.0,compass_local_day_vdat
2026-04-01,185284.296875,187131.90625,183615.796875,184112.40625,compass_local_day_vdat
2026-04-02,183075.703125,185431.796875,178695.0,179076.203125,compass_local_day_vdat
2026-04-03,180094.109375,180260.796875,174278.296875,174307.90625,compass_local_day_vdat
2026-04-07,174961.203125,178342.296875,173036.296875,173175.203125,compass_local_day_vdat
2026-04-08,177187.296875,183799.0,177187.296875,183799.0,compass_local_day_vdat
2026-04-09,183295.5,186944.109375,182223.0,183185.609375,compass_local_day_vdat
2026-04-10,184523.703125,189920.109375,184523.703125,186570.109375,compass_local_day_vdat
2026-04-13,185749.703125,190508.5,185749.703125,187557.203125,compass_local_day_vdat
2026-04-14,189168.0,192994.296875,189168.0,191521.90625,compass_local_day_vdat
2026-04-15,192539.109375,195940.109375,190563.109375,191378.703125,compass_local_day_vdat
2026-04-16,191803.703125,196482.40625,191790.109375,195227.609375,compass_local_day_vdat
2026-04-17,195074.90625,199701.796875,195074.90625,197356.796875,compass_local_day_vdat
2026-04-20,197745.40625,203401.40625,197745.40625,200954.109375,compass_local_day_vdat
2026-04-21,200023.40625,203039.796875,200023.40625,201082.796875,compass_local_day_vdat
2026-04-22,200316.609375,205291.0,200316.609375,205068.796875,compass_local_day_vdat
2026-04-23,205803.703125,208992.203125,204612.296875,205117.90625,compass_local_day_vdat
2026-04-24,204616.203125,207393.203125,204616.203125,204924.296875,compass_local_day_vdat
2026-04-27,205308.703125,210666.796875,205308.703125,207510.0,compass_local_day_vdat
2026-04-28,206823.703125,210302.796875,205189.0,206021.90625,compass_local_day_vdat
2026-04-29,204959.5,211512.609375,204959.5,210190.203125,compass_local_day_vdat
2026-04-30,210824.609375,214974.203125,210824.609375,212999.609375,compass_local_day_vdat
2026-05-06,216529.203125,224888.296875,216529.203125,223319.5,compass_local_day_vdat
2026-05-07,224357.0,230062.203125,224004.109375,229806.109375,compass_local_day_vdat
2026-05-08,228104.296875,234048.109375,228104.296875,231888.796875,compass_local_day_vdat
2026-05-11,234866.90625,241930.40625,234866.90625,240907.0,compass_local_day_vdat
2026-05-12,241363.609375,245412.796875,241130.203125,241855.796875,compass_local_day_vdat
2026-05-13,240400.0,248181.5,240400.0,247893.40625,compass_local_day_vdat
2026-05-14,249490.90625,251217.109375,244054.90625,244054.90625,compass_local_day_vdat
2026-05-15,244865.796875,249909.0,241547.296875,243432.5,compass_local_day_vdat
2026-05-18,242912.5,249632.796875,242509.5,243671.609375,compass_local_day_vdat
2026-05-19,242270.203125,245531.796875,241865.109375,244889.109375,compass_local_day_vdat
2026-05-20,243543.796875,247967.90625,243543.796875,244977.109375,compass_local_day_vdat
2026-05-21,247077.90625,252137.296875,239455.90625,240032.90625,compass_local_day_vdat
2026-05-22,242683.5,247036.703125,241833.296875,245398.40625,compass_local_day_vdat
2026-05-25,247496.203125,251840.796875,247147.296875,250198.90625,compass_local_day_vdat
2026-05-26,248552.0,252828.90625,246148.203125,249161.40625,compass_local_day_vdat
2026-05-27,249074.796875,254482.0,245373.296875,246159.0,compass_local_day_vdat
2026-05-28,245356.609375,250047.203125,244939.703125,248334.796875,compass_local_day_vdat
2026-05-29,248987.0,251308.40625,241401.796875,243320.609375,compass_local_day_vdat
2026-06-01,243802.796875,249250.0,238702.109375,239004.109375,compass_local_day_vdat
2026-06-02,239890.796875,244290.296875,238373.609375,240689.609375,compass_local_day_vdat
2026-06-03,241052.796875,248764.0,240887.109375,243557.90625,compass_local_day_vdat
2026-06-04,240732.296875,247141.203125,240732.296875,242038.703125,compass_local_day_vdat
2026-06-05,241258.5,246046.90625,237121.203125,238320.5,compass_local_day_vdat
2026-06-08,231157.703125,238755.5,228921.40625,229676.0,compass_local_day_vdat
2026-06-09,232892.5,235787.90625,232221.0,235268.609375,compass_local_day_vdat
2026-06-10,234111.109375,236857.40625,228240.703125,229199.703125,compass_local_day_vdat
2026-06-11,228239.703125,232612.296875,225152.109375,226709.90625,compass_local_day_vdat
2026-06-12,231247.109375,235684.0,229064.109375,229923.109375,compass_local_day_vdat
2026-06-15,230165.203125,241775.5,230165.203125,240715.703125,compass_local_day_vdat
2026-06-16,241379.296875,248273.296875,241379.296875,244787.203125,compass_local_day_vdat
2026-06-17,243651.40625,250501.796875,243651.40625,248337.609375,compass_local_day_vdat
2026-06-18,247492.203125,255311.203125,247492.203125,252152.40625,compass_local_day_vdat
2026-06-22,254056.109375,261214.109375,254056.109375,261160.609375,compass_local_day_vdat
2026-06-23,259849.296875,265890.3125,254359.703125,256098.109375,compass_local_day_vdat
2026-06-24,254687.296875,262363.8125,254687.296875,260574.5,compass_local_day_vdat
2026-06-25,261624.296875,267975.09375,261523.0,265669.40625,compass_local_day_vdat
2026-06-26,265534.09375,267381.0,259259.5,259330.203125,compass_local_day_vdat
2026-06-29,259372.109375,265697.40625,258199.109375,261596.90625,compass_local_day_vdat
2026-06-30,261055.609375,270005.59375,261055.609375,267415.5,compass_local_day_vdat
2026-07-01,267757.71875,274672.40625,266249.8125,268357.21875,compass_local_day_vdat
2026-07-02,261653.0,270391.0,258058.203125,258917.703125,compass_local_day_vdat
2026-07-03,258868.90625,265303.21875,258049.296875,258190.296875,compass_local_day_vdat
2026-07-06,259978.796875,263669.40625,252993.796875,253007.0,compass_local_day_vdat
2026-07-07,250894.90625,255374.703125,244684.609375,245033.796875,compass_local_day_vdat
2026-07-08,246761.609375,247103.296875,237412.796875,237470.203125,compass_local_day_vdat
2026-07-09,239608.296875,245141.796875,235945.609375,244980.40625,compass_local_day_vdat
2026-07-10,246157.609375,253419.40625,242119.0,242119.0,compass_local_day_vdat
2026-07-13,240102.5,242699.796875,229093.109375,229804.203125,compass_local_day_vdat
2026-07-14,230308.90625,235705.703125,225926.609375,233909.90625,compass_local_day_vdat
2026-07-15,234948.5,237771.203125,227726.5,227997.203125,compass_local_day_vdat
2026-07-16,223763.40625,230882.109375,218609.0,220020.90625,compass_local_day_vdat
2026-07-17,218362.90625,219250.0,206427.5,207162.609375,compass_local_day_vdat
2026-07-20,210800.0,213465.5,200091.5,204361.90625,compass_local_day_vdat
2026-07-21,205213.703125,218028.40625,200038.609375,217907.609375,compass_local_day_vdat
2026-07-22,216599.90625,224217.90625,215060.703125,215562.203125,compass_local_day_vdat
2026-07-23,216370.40625,219975.703125,212334.609375,212881.296875,compass_local_day_vdat
2026-07-24,209495.90625,213829.5,203804.40625,203868.5,compass_local_day_vdat
2026-07-27,203507.296875,210488.203125,202766.0,207273.296875,compass_local_day_vdat
2026-07-28,203547.703125,206596.609375,195673.796875,196522.40625,compass_local_day_vdat
2026-07-29,196755.109375,200050.40625,194191.296875,197053.609375,compass_local_day_vdat
2026-07-30,195964.109375,198128.796875,189919.796875,190831.796875,compass_local_day_vdat
2026-07-31,198441.5,204850.203125,197105.40625,197225.296875,compass_local_day_vdat
2026-08-03,196175.40625,199118.40625,193035.609375,193198.40625,compass_local_day_vdat
2026-08-04,195114.609375,200811.109375,194946.5,199285.296875,compass_local_day_vdat
2026-08-05,198133.90625,209238.0,198133.90625,206996.90625,compass_local_day_vdat
2026-08-06,205108.203125,213087.40625,205108.203125,208716.40625,compass_local_day_vdat
2026-08-07,209438.0,215417.609375,209240.0,213847.40625,compass_local_day_vdat
2026-08-10,213908.296875,217370.5,212558.109375,214125.609375,compass_local_day_vdat
2026-08-11,212785.296875,217447.90625,210648.296875,210839.203125,compass_local_day_vdat
2026-08-12,211387.0,215176.109375,210823.40625,210962.0,compass_local_day_vdat
2026-08-13,212962.296875,216633.703125,208493.203125,208572.296875,compass_local_day_vdat
2026-08-14,209709.796875,211843.0,206864.203125,207502.5,compass_local_day_vdat
2026-08-17,212275.3,212275.3,212275.3,212275.3,github_workflow
